id,directorName,movieTitle,genres,duration,publishDate,showDate,imdbRating
1,Andrivot,"Terror Within, The",Horror|Sci-Fi,2:00 AM,8/20/2019,1/11/2020,1
2,Macvey,Three Crowns of the Sailor (Les trois couronnes du matelot),Drama|Fantasy,12:01 AM,2/25/2019,6/12/2020,10
3,Denson,"Tough Ones, The (Häjyt)",Action|Drama,12:50 AM,6/9/2019,12/26/2019,6
4,Ollander,I Am Ali,Documentary,1:58 AM,4/1/2019,3/30/2020,0
5,Legier,"King of Masks, The (Bian Lian)",Drama,1:32 AM,2/23/2019,4/2/2020,6
6,Hulance,Turbulence,Action|Thriller,2:13 AM,12/28/2018,12/5/2019,5
7,Castellan,Get Well Soon,Comedy|Drama|Romance,2:53 AM,10/25/2018,3/23/2020,5
8,Lockie,The War at Home,Documentary|War,12:01 AM,5/3/2019,7/15/2020,6
9,Eltune,"Ditchdigger's Daughters, The",Drama,2:11 AM,12/9/2018,7/7/2020,9
10,Satterley,Marilyn in Manhattan,(no genres listed),12:03 AM,4/11/2019,3/7/2020,2
11,Prestie,Permanent Midnight,Drama,1:07 AM,6/9/2019,11/14/2019,0
12,Middlehurst,Polite People (Kurteist fólk),Comedy|Drama,2:02 AM,6/27/2019,4/7/2020,7
13,Shallow,Heartbreaker (L'Arnacoeur),Comedy|Romance,1:41 AM,5/31/2019,4/22/2020,4
14,Consadine,20 Million Miles to Earth,Sci-Fi,1:22 AM,7/12/2019,6/30/2020,8
15,Hartnell,"Best Man Holiday, The",Comedy|Drama,12:00 AM,8/7/2019,8/5/2020,1
16,Beveridge,Ain't in It for My Health: A Film About Levon Helm,Documentary,2:45 AM,12/20/2018,8/21/2020,4
17,Duell,Deep Blue Sea,Action|Horror|Sci-Fi|Thriller,1:31 AM,9/14/2019,12/8/2019,4
18,Arnaldy,"Strange Color Of Your Body's Tears, The (L'étrange couleur des larmes de ton corps)",Mystery|Thriller,12:37 AM,4/29/2019,7/9/2020,2
19,Cardoso,"Housemaid, The (Hanyo)",Thriller,12:51 AM,12/3/2018,9/23/2020,6
20,Stanwix,Blue Ruin,Thriller,2:50 AM,1/29/2019,2/2/2020,4
21,Carlyon,Manhunt,Horror|Thriller,12:06 AM,8/26/2019,12/18/2019,3
22,Melsom,Another Cinderella Story,Children|Comedy|Musical|Romance,12:02 AM,9/29/2019,2/13/2020,9
23,Beesey,Herbie Rides Again,Adventure|Children|Comedy,1:48 AM,10/14/2018,5/6/2020,9
24,Sibery,The Fifth Season,Drama,12:46 AM,7/18/2019,11/26/2019,7
25,McElvine,Wichita,Action|Romance|Western,2:15 AM,12/23/2018,3/6/2020,1
26,Hellikes,Inside Llewyn Davis,Drama,12:43 AM,10/25/2018,4/17/2020,2
27,McGarrie,47 Ronin,Action|Adventure|Fantasy,12:47 AM,12/19/2018,12/18/2019,3
28,Igglesden,"Married Couple, A",Documentary,2:25 AM,3/31/2019,3/11/2020,10
29,Lavigne,Simon of the Desert (Simón del desierto),Drama,1:05 AM,5/2/2019,6/25/2020,7
30,Doughton,Sullivan's Travels,Adventure|Comedy|Romance,1:24 AM,12/30/2018,1/24/2020,2
31,Dayment,Heart of a Lion,Comedy|Drama|Romance,12:21 AM,2/24/2019,8/20/2020,9
32,Bednall,Intolerable Cruelty,Comedy|Romance,2:28 AM,1/23/2019,2/20/2020,2
33,Minchenton,Harry Potter and the Half-Blood Prince,Adventure|Fantasy|Mystery|Romance|IMAX,2:45 AM,2/2/2019,12/10/2019,0
34,Knightley,Attack the Gas Station! (Juyuso seubgyuksageun),Comedy|Crime,2:34 AM,7/21/2019,6/23/2020,9
35,Lukas,Fiddler on the Roof,Drama|Musical,2:54 AM,7/19/2019,1/6/2020,1
36,Joskowicz,"Mistress of Spices, The",Romance,12:23 AM,6/14/2019,12/17/2019,7
37,Slayford,No Way to Treat a Lady,Crime|Drama|Thriller,12:18 AM,8/15/2019,6/16/2020,10
38,Colles,Capote,Crime|Drama,1:47 AM,5/7/2019,6/27/2020,9
39,Derkes,"Immature, The (Immaturi)",Comedy,2:41 AM,7/12/2019,3/4/2020,2
40,Donson,Girls Against Boys ,Crime|Thriller,1:03 AM,4/16/2019,10/20/2019,3
41,Larkings,All I Desire,Drama|Romance,1:32 AM,9/18/2019,10/31/2019,9
42,Lumm,"Krakatoa, East of Java",Adventure|Drama,2:42 AM,10/30/2018,6/20/2020,0
43,Milmo,Gertie the Dinosaur,Animation|Children|Comedy,12:39 AM,7/20/2019,12/6/2019,0
44,Seath,"Blue Light, The (Blaue Licht, Das)",Drama|Fantasy|Mystery,12:32 AM,1/5/2019,12/10/2019,2
45,McMeanma,"Singer, The (Quand j'étais chanteur)",Drama|Romance,2:59 AM,12/29/2018,6/22/2020,8
46,Eannetta,Gaby: A True Story,Drama|Romance,12:51 AM,5/26/2019,11/7/2019,8
47,Trevance,"War Comes to America (Why We Fight, 7)",Documentary|War,2:22 AM,11/10/2018,4/3/2020,5
48,Grocutt,Salaam-E-Ishq,Comedy|Drama|Musical|Romance,2:50 AM,3/18/2019,5/29/2020,7
49,Tomsett,Santa with Muscles,Comedy,12:38 AM,3/21/2019,7/12/2020,10
50,Saffen,Harmful Insect (Gaichu),Drama,2:28 AM,3/18/2019,7/30/2020,8
51,Purkess,Cold Prey III (Fritt Vilt III),Horror,12:17 AM,6/9/2019,9/1/2020,0
52,Berrey,What Lies Beneath,Drama|Horror|Mystery,2:28 AM,6/30/2019,5/7/2020,6
53,Niland,"Karate Kid, Part III, The",Action|Adventure|Children|Drama,12:07 AM,8/3/2019,12/20/2019,9
54,Cotta,Charlie Chan in Reno,Comedy|Crime|Drama|Mystery|Thriller,2:10 AM,7/22/2019,8/10/2020,5
55,Duignan,Mr. North,Comedy|Drama,2:01 AM,12/3/2018,6/24/2020,3
56,Rollin,Warrior,Drama,12:23 AM,12/16/2018,5/24/2020,1
57,Flanaghan,Queen - Rock Montreal,(no genres listed),2:16 AM,4/10/2019,5/15/2020,0
58,Benstead,Next Day Air,Action|Comedy|Crime,2:31 AM,1/1/2019,4/4/2020,8
59,Pattisson,Alex Cross,Action|Crime|Mystery|Thriller,2:35 AM,5/27/2019,8/21/2020,1
60,Lammerich,If God Is Willing and da Creek Don't Rise,Documentary,1:23 AM,3/28/2019,3/6/2020,3
61,McArd,All Over Me,Drama,1:17 AM,12/30/2018,3/28/2020,0
62,Christol,Lolita,Drama|Romance,1:21 AM,7/23/2019,9/11/2020,7
63,Capstack,Snake in the Eagle's Shadow (Se ying diu sau),Action|Comedy,1:45 AM,8/16/2019,9/11/2020,0
64,Burkert,I'm Crazy About Iris Blond,Comedy|Romance,12:01 AM,3/4/2019,11/10/2019,2
65,Armfield,"White Diamond, The",Documentary,12:27 AM,12/7/2018,3/6/2020,2
66,Keunemann,"Firm, The",Drama,12:54 AM,8/1/2019,5/12/2020,6
67,Broadbury,Inspector Gadget,Action|Adventure|Children|Comedy,1:33 AM,12/27/2018,5/22/2020,2
68,O'Fearguise,Gattaca,Drama|Sci-Fi|Thriller,1:57 AM,11/13/2018,6/5/2020,8
69,Klousner,"Wild Bees, The (Divoké vcely)",Comedy|Drama,1:36 AM,8/16/2019,11/24/2019,6
70,Yanshin,Bulworth,Comedy|Drama|Romance,12:05 AM,6/9/2019,8/24/2020,2
71,Urry,Enthusiasm (Entuziazm: Simfoniya Donbassa),Documentary,12:51 AM,10/8/2019,6/8/2020,6
72,Chessill,My Winnipeg,Documentary|Fantasy,2:54 AM,8/22/2019,2/20/2020,0
73,Kennifick,Home of the Brave,Drama,12:05 AM,4/22/2019,8/27/2020,7
74,Popeley,Powwow Highway,Drama,1:09 AM,3/24/2019,4/28/2020,1
75,Chasle,"Belly of an Architect, The",Drama,12:18 AM,4/30/2019,11/9/2019,8
76,Jordin,Clubbed,Action|Crime|Drama,2:46 AM,7/26/2019,12/6/2019,10
77,Jackways,"Hour of the Pig, The",Crime|Drama|Mystery,2:41 AM,10/27/2018,9/20/2020,0
78,Tethcote,"Animal, The",Comedy,12:56 AM,11/4/2018,6/7/2020,5
79,Adamsson,Harrison's Flowers,Drama,1:25 AM,12/16/2018,11/14/2019,7
80,Kleinplac,Newlyweds,Drama,12:48 AM,7/24/2019,11/14/2019,6
81,Schankelborg,"Tickle in the Heart, A",Documentary,2:09 AM,5/6/2019,2/21/2020,7
82,Rex,Role/Play,Drama,12:09 AM,1/30/2019,6/3/2020,6
83,Gentil,"Miser, The (L'avare)",Comedy,2:37 AM,1/2/2019,8/18/2020,3
84,Barnaby,Miami Vice,Action|Crime|Drama|Thriller,1:40 AM,3/15/2019,1/27/2020,1
85,Stears,Daltry Calhoun,Comedy|Drama,12:04 AM,8/7/2019,6/25/2020,2
86,Aslie,Widows,Drama,12:08 AM,2/13/2019,9/26/2020,4
87,Loughton,Stealth,Action|Adventure|Sci-Fi|Thriller,2:50 AM,4/28/2019,7/5/2020,3
88,Brodeau,Winds of the Wasteland,Western,12:48 AM,2/3/2019,11/8/2019,1
89,Riseborough,This is Martin Bonner,Drama,1:18 AM,9/7/2019,1/15/2020,6
90,Bigg,"Importance of Being Earnest, The",Comedy|Drama|Romance,1:53 AM,4/14/2019,7/27/2020,3
91,Dalton,Cheetah,Adventure|Children,12:26 AM,11/16/2018,2/9/2020,3
92,Wintle,Toi et Moi,Comedy|Drama|Romance,2:16 AM,1/27/2019,4/15/2020,9
93,Vosse,Damage (Fatale),Drama,12:46 AM,9/12/2019,8/8/2020,3
94,Buckthorp,Amen.,Drama,1:10 AM,8/2/2019,5/19/2020,9
95,Keppe,Declaration of War (La Guerre est Déclarée),Drama,12:48 AM,8/17/2019,8/20/2020,3
96,Daice,Rocky,Drama,12:21 AM,4/4/2019,7/4/2020,1
97,Bazely,Underdog,Action|Adventure|Children|Comedy|Fantasy|Sci-Fi,2:35 AM,2/10/2019,4/13/2020,3
98,Le Claire,Journey 2: The Mysterious Island,Action|Adventure|Comedy|Sci-Fi|IMAX,2:31 AM,7/17/2019,3/15/2020,0
99,Kilty,Deserter (Dezertir),Drama,1:14 AM,9/8/2019,11/10/2019,1
100,Erangy,Feast,Action|Comedy|Horror|Thriller,2:25 AM,4/30/2019,1/19/2020,10
101,Eckford,"Battery, The",Drama|Horror,1:05 AM,5/3/2019,8/10/2020,0
102,Wawer,Another Man's Poison,Crime|Drama,12:27 AM,1/29/2019,11/18/2019,6
103,Maudsley,Here Comes the Navy,Comedy|Drama|Romance,12:19 AM,11/22/2018,8/5/2020,6
104,Lipgens,"Edge of Heaven, The (Auf der anderen Seite)",Drama,2:40 AM,4/22/2019,1/24/2020,0
105,Benezet,Season of the Witch,Adventure|Drama|Fantasy,2:09 AM,9/5/2019,11/4/2019,6
106,Breslane,"Human Comedy, The",Drama,2:15 AM,8/31/2019,12/22/2019,3
107,Geaves,Snake and Crane Arts of Shaolin (She hao ba bu),Action|Drama,2:35 AM,6/27/2019,11/24/2019,7
108,Morgans,Alice in Wonderland,Adventure|Comedy|Fantasy,12:15 AM,5/4/2019,4/19/2020,4
109,Gheeraert,Master of the House (Du skal ære din hustru) (Thou Shalt Honour Thy Wife),Drama,12:47 AM,9/25/2019,3/31/2020,6
110,Ayto,Slaughterhouse,Comedy|Horror,1:59 AM,9/2/2019,3/13/2020,9
111,De Mars,Landscape in the Mist (Topio stin omichli),Drama,12:26 AM,8/5/2019,7/31/2020,8
112,Suttill,"Cameraman's Revenge, The (Mest kinematograficheskogo operatora)",Animation|Comedy,12:43 AM,6/26/2019,4/3/2020,1
113,Caldroni,Breaking In,Adventure|Comedy,2:27 AM,3/22/2019,10/17/2019,3
114,Bulbrook,April Love,Comedy|Drama|Musical,2:31 AM,3/28/2019,6/14/2020,3
115,Botger,"Enemy of the People, An (Ganashatru)",Drama,1:53 AM,5/16/2019,4/29/2020,4
116,Stryde,London Paris New York,Romance,1:04 AM,4/13/2019,5/13/2020,10
117,Dunthorn,Dogtooth (Kynodontas),Drama,12:34 AM,8/15/2019,11/5/2019,1
118,Tankin,"Fast Runner, The (Atanarjuat)",Drama|Fantasy,2:44 AM,9/25/2019,8/7/2020,3
119,Rogan,Finding Bliss,Comedy|Romance,1:37 AM,1/22/2019,3/8/2020,7
120,Nouch,Cooking Up Dreams (De ollas y sueños),Documentary,2:51 AM,6/18/2019,9/16/2020,6
121,MacNamara,Cape Fear,Thriller,12:34 AM,4/21/2019,10/16/2019,6
122,Klimek,Zoot Suit,Drama|Musical,2:12 AM,3/10/2019,5/11/2020,4
123,Cattrell,Swamp Thing,Horror|Sci-Fi,2:40 AM,7/30/2019,11/23/2019,6
124,Kinnett,"Nasty Girl, The (schreckliche Mädchen, Das)",Comedy|Drama,2:22 AM,12/30/2018,7/6/2020,7
125,Dorre,Dracula,Horror,2:30 AM,10/26/2018,7/18/2020,9
126,Barwis,"American in Paris, An",Musical|Romance,1:01 AM,1/31/2019,8/26/2020,1
127,Mirando,Dancing Lady,Comedy|Musical|Romance,12:45 AM,10/9/2019,6/23/2020,7
128,Natt,Man of the East,Action|Comedy|Western,1:50 AM,7/21/2019,4/22/2020,2
129,Rowcliffe,Holocaust,Drama|Romance|War,1:51 AM,8/12/2019,6/2/2020,3
130,Dumphry,This Thing With Sarah,Comedy|Drama|Romance,12:00 AM,9/18/2019,11/18/2019,3
131,Ibbison,"Signal, The (Señal, La)",Drama|Film-Noir|Mystery|Romance,12:20 AM,4/4/2019,7/10/2020,3
132,Heningam,"Haunted Strangler, The (Grip of the Strangler)",Crime|Horror|Mystery,2:51 AM,12/9/2018,9/8/2020,1
133,Lorroway,"Last Metro, The (Dernier métro, Le)",Drama|Romance,2:03 AM,2/15/2019,5/9/2020,5
134,Covil,"Food, Inc.",Documentary,2:25 AM,2/15/2019,6/18/2020,6
135,Turfin,How to Cook Your Life,Documentary,12:24 AM,7/13/2019,3/13/2020,0
136,D'Errico,Skirt Day (La journée de la jupe),Drama,2:29 AM,11/26/2018,7/8/2020,8
137,Wilne,Shoulder Arms,Comedy|War,2:52 AM,12/30/2018,2/12/2020,2
138,Medford,Norman,Comedy|Drama,12:04 AM,10/13/2019,6/4/2020,4
139,Stansbie,Dust in the Wind (Lian lian feng chen),Drama|Romance,12:43 AM,1/3/2019,12/22/2019,3
140,Simukov,Winter's Tale,Drama|Fantasy|Mystery,12:51 AM,9/27/2019,8/9/2020,2
141,Coxon,A.I. Artificial Intelligence,Adventure|Drama|Sci-Fi,2:57 AM,6/17/2019,1/4/2020,1
142,Escolme,Seducing Mr. Perfect,Romance,2:26 AM,12/19/2018,1/14/2020,7
143,Godfray,Tom & Viv,Drama,2:24 AM,6/8/2019,7/2/2020,2
144,Kareman,Springfield Rifle,Action|War|Western,1:58 AM,12/19/2018,6/17/2020,4
145,Kervin,Hercules in New York,Action|Comedy|Fantasy,2:22 AM,3/3/2019,2/13/2020,1
146,Chevers,Permanent Midnight,Drama,12:22 AM,7/17/2019,9/6/2020,8
147,Willicott,Balls of Fury,Comedy,1:40 AM,6/25/2019,3/6/2020,5
148,Titchmarsh,Rachel Getting Married,Drama|Romance,1:05 AM,5/2/2019,6/11/2020,6
149,Hounson,Cannibal! The Musical (a.k.a. Alferd Packer: The Musical),Comedy|Horror|Musical|Western,12:06 AM,8/8/2019,3/21/2020,1
150,Scottrell,Werewolf of London,Drama|Fantasy|Horror|Sci-Fi,1:19 AM,9/20/2019,11/14/2019,0
151,Loughran,Coming Home,Drama|War,2:15 AM,1/8/2019,5/12/2020,3
152,Welbeck,Totally F***ed Up,Drama,1:41 AM,2/18/2019,7/18/2020,4
153,Woodeson,Slam,Drama,12:56 AM,7/29/2019,12/5/2019,2
154,Grigoroni,Black Mirror,Drama|Sci-Fi,2:56 AM,1/12/2019,1/19/2020,9
155,Deem,Marius,Comedy|Drama|Romance,1:12 AM,4/19/2019,2/16/2020,9
156,Girogetti,Aladdin,Adventure|Animation|Children|Comedy|Fantasy,1:02 AM,8/6/2019,9/23/2020,3
157,Adanez,Normal,Drama,1:35 AM,6/16/2019,1/27/2020,2
158,Kuschek,Love Exposure (Ai No Mukidashi),Action|Comedy|Drama|Romance,2:06 AM,3/12/2019,10/22/2019,9
159,Hargess,"Creeping Terror, The (Crawling Monster, The)",Horror|Sci-Fi,2:57 AM,11/5/2018,12/7/2019,3
160,Cadogan,Carry on Screaming!,Comedy|Horror,2:01 AM,7/1/2019,8/11/2020,4
161,Rumming,Lies My Father Told Me,Children|Drama,1:11 AM,12/29/2018,8/6/2020,10
162,Toffoletto,Teenage Caveman,Horror|Sci-Fi|Thriller,12:15 AM,8/29/2019,4/18/2020,7
163,O'Flannery,Fairhaven,Drama,1:55 AM,8/3/2019,3/2/2020,3
164,Curme,Scream,Comedy|Horror|Mystery|Thriller,12:38 AM,9/20/2019,10/2/2020,4
165,Fullman,Altered,Horror|Sci-Fi|Thriller,1:08 AM,8/18/2019,4/5/2020,0
166,Malyon,Taxi!,Crime|Drama|Romance,2:17 AM,6/10/2019,7/30/2020,6
167,Heersma,Star Trek,Action|Adventure|Sci-Fi|IMAX,2:09 AM,7/10/2019,6/11/2020,7
168,Brehat,"Counselor, The",Crime|Drama|Thriller,12:52 AM,1/14/2019,6/15/2020,3
169,Sanchis,Better Off Dead...,Comedy|Romance,12:28 AM,9/26/2019,8/16/2020,4
170,Faireclough,Oppressed Majority,Drama,12:25 AM,4/8/2019,12/24/2019,2
171,Dillon,Babylon A.D.,Action|Adventure|Sci-Fi|Thriller,2:20 AM,4/30/2019,6/21/2020,4
172,Camilleri,They Drive by Night,Drama,12:12 AM,3/7/2019,1/18/2020,4
173,Kaindl,Seeking Justice,Action|Drama|Thriller,2:17 AM,6/4/2019,6/11/2020,1
174,Korneluk,Leprechaun,Comedy|Horror,12:45 AM,3/22/2019,2/15/2020,0
175,Ellingsworth,Distance,Drama,1:45 AM,3/24/2019,2/26/2020,10
176,Fleote,"Client, The",Drama|Mystery|Thriller,2:36 AM,4/6/2019,9/1/2020,3
177,Rablen,Andrei Rublev (Andrey Rublyov),Drama|War,2:02 AM,9/16/2019,4/3/2020,10
178,Huggan,Manson,Documentary,12:31 AM,4/20/2019,5/6/2020,5
179,Wastall,"First Time, The",Comedy|Drama|Romance,1:06 AM,9/23/2019,7/1/2020,1
180,Inker,Ramona and Beezus,Children|Comedy,2:03 AM,9/26/2019,4/23/2020,8
181,Schade,Hick,Drama|Romance,1:47 AM,8/28/2019,2/13/2020,10
182,Fawbert,Swing Kids,Drama|War,1:55 AM,5/20/2019,8/16/2020,2
183,Perrigo,The Violent Enemy,Crime|Drama,2:53 AM,8/15/2019,12/24/2019,7
184,Korneev,My Week with Marilyn,Drama,2:34 AM,10/30/2018,4/24/2020,1
185,Shimoni,La Morte Rouge,(no genres listed),2:35 AM,5/22/2019,12/26/2019,0
186,O'Toole,"Scarlet Clue, The (Charlie Chan in the Scarlet Clue)",Comedy|Crime|Mystery,2:52 AM,8/15/2019,1/21/2020,5
187,Dykas,In Tranzit,Drama|War,2:40 AM,9/22/2019,10/14/2019,4
188,Padefield,Fährmann Maria,(no genres listed),2:42 AM,2/14/2019,5/25/2020,2
189,Medgewick,Making Love,Drama,1:47 AM,4/7/2019,6/14/2020,6
190,Lafoy,Newlyweds,Drama,2:30 AM,4/23/2019,7/12/2020,2
191,Montes,Zeitgeist: Moving Forward,Documentary,2:12 AM,2/13/2019,11/28/2019,3
192,McKall,Bugmaster (Mushishi),Fantasy,12:20 AM,3/15/2019,8/11/2020,5
193,Luesley,Fletch Lives,Comedy,12:34 AM,7/13/2019,1/13/2020,6
194,Ornils,"Bon Voyage, Charlie Brown (and Don't Come Back!)",Animation|Children|Comedy,1:41 AM,3/27/2019,2/5/2020,2
195,Scoles,Pathetic Fallacy (Ajantrik),Drama,2:25 AM,12/11/2018,12/2/2019,10
196,Madine,Killers,Action|Comedy,1:06 AM,5/7/2019,5/21/2020,0
197,Gronw,"Child I Never Was, The (Leben lang kurze Hosen Tragen, Ein)",Crime|Drama,12:22 AM,5/1/2019,11/14/2019,7
198,Rackam,"Hangover, The",Comedy|Crime,2:21 AM,11/8/2018,9/29/2020,3
199,Betonia,The Pacific,Action|Adventure|Drama|War,12:26 AM,6/29/2019,5/28/2020,5
200,Stickney,Among Giants,Comedy|Drama|Romance,2:00 AM,11/15/2018,3/11/2020,7
201,Zammitt,Field of Dreams,Children|Drama|Fantasy,1:13 AM,7/15/2019,4/27/2020,4
202,MacLese,Seven Years Bad Luck,Comedy,12:25 AM,4/25/2019,7/12/2020,10
203,Domerq,"Last Angry Man, The",Drama,12:36 AM,10/23/2018,10/14/2019,7
204,Ramlot,"Stand, The",Adventure|Drama|Fantasy|Horror|Sci-Fi,2:39 AM,11/12/2018,8/14/2020,7
205,Bliss,Avanti!,Comedy|Drama,1:12 AM,10/7/2019,3/10/2020,4
206,Southam,Spooky House,Children,2:30 AM,8/17/2019,7/4/2020,1
207,Gelder,Pipe Dream,Drama,1:47 AM,7/30/2019,1/4/2020,5
208,Willgrass,Beyond Borders,Drama|Romance|War,1:44 AM,12/13/2018,7/21/2020,4
209,Chason,Music and Lyrics,Comedy|Romance,12:57 AM,4/11/2019,11/7/2019,8
210,Matzeitis,It,Drama|Fantasy|Horror|Mystery|Thriller,12:12 AM,6/30/2019,7/21/2020,0
211,Ricci,"Story of Women (Affaire de femmes, Une)",Drama,12:38 AM,10/3/2019,6/1/2020,0
212,Tewelson,I Was an Adventuress,Comedy|Crime,2:13 AM,12/20/2018,10/26/2019,5
213,Aubery,"Charming Mass Suicide, A (Hurmaava joukkoitsemurha)",Comedy,1:41 AM,6/24/2019,5/14/2020,6
214,Southorn,Setup (Set Up),Action|Crime|Drama,2:15 AM,11/29/2018,9/17/2020,4
215,Senecaux,Wedding Daze,Comedy|Romance,2:07 AM,2/15/2019,10/3/2020,1
216,MacNalley,Do You Like Hitchcock? (Ti piace Hitchcock?),Horror|Mystery|Thriller,12:57 AM,7/20/2019,5/18/2020,6
217,Edmand,God Grew Tired of Us,Documentary|Drama,1:41 AM,10/31/2018,8/25/2020,4
218,Riggott,Marketa Lazarová,Drama|Romance,12:16 AM,11/18/2018,3/10/2020,4
219,Baume,Above and Beyond,Action|Drama,1:23 AM,7/5/2019,12/23/2019,6
220,Woodham,My Beautiful Laundrette,Drama|Romance,1:08 AM,3/26/2019,11/13/2019,1
221,Readshaw,Crocodile (Ag-o),Drama,12:46 AM,4/5/2019,1/4/2020,5
222,Pollicott,Animal Crackers,Comedy|Musical,12:50 AM,5/20/2019,3/2/2020,4
223,Patley,"Motorcycle Diaries, The (Diarios de motocicleta)",Adventure|Drama,1:57 AM,12/27/2018,3/27/2020,5
224,Arundale,Dragon Ball: Sleeping Princess in Devil's Castle (Doragon bôru: Majinjô no nemuri hime),Action|Adventure|Animation|Children,2:14 AM,10/17/2018,2/10/2020,1
225,Sheather,Nana,Drama,12:56 AM,4/11/2019,1/26/2020,3
226,Skillings,"Standing Aside, Watching",Drama,1:29 AM,2/5/2019,7/29/2020,1
227,Margerison,"Sergeant, The",Drama,12:45 AM,6/10/2019,3/3/2020,10
228,MacAless,"Question of Silence, A (De stilte rond Christine M.)",Drama,12:23 AM,11/23/2018,7/26/2020,3
229,Chart,"House of Seven Corpses, The",Horror,2:37 AM,3/14/2019,8/14/2020,0
230,Tomasian,"Extraordinary Adventures of Adèle Blanc-Sec, The",Action|Adventure|Fantasy|Mystery,2:40 AM,7/10/2019,8/16/2020,7
231,Petegrew,Arthur,Comedy,12:18 AM,4/26/2019,8/15/2020,2
232,Bentham3,Tammy and the T-Rex,Comedy|Sci-Fi,2:49 AM,6/25/2019,5/19/2020,9
233,McGavin,Les Lyonnais,Drama|Thriller,2:54 AM,11/11/2018,12/2/2019,1
234,Gerrans,Caligula,Drama,1:23 AM,8/26/2019,4/28/2020,10
235,Folan,"Manzanar Fishing Club, The",Adventure|Documentary,2:03 AM,4/19/2019,3/10/2020,4
236,Baddiley,Dr. Strangelove or: How I Learned to Stop Worrying and Love the Bomb,Comedy|War,2:31 AM,8/13/2019,6/19/2020,3
237,Rime,Challenge to Lassie,Children|Drama,1:09 AM,12/8/2018,1/6/2020,8
238,Afield,Imitation of Life,Drama|Romance,1:13 AM,10/23/2018,12/21/2019,2
239,Sybbe,Prowl,Horror,12:39 AM,1/19/2019,5/27/2020,2
240,Mylchreest,Lawman,Western,2:00 AM,7/14/2019,6/8/2020,1
241,Cuddihy,Autumn Leaves,Drama,2:17 AM,7/1/2019,3/18/2020,2
242,Seefeldt,Shall We Dance? (Shall We Dansu?),Comedy|Drama|Romance,1:34 AM,9/1/2019,10/17/2019,6
243,Stapleton,Let's Talk About Sex,Drama,2:05 AM,12/4/2018,9/1/2020,8
244,Aitchison,"Frisco Kid, The",Comedy|Western,2:08 AM,12/1/2018,9/20/2020,3
245,Broune,Front of the Class,Drama,12:06 AM,5/28/2019,11/6/2019,9
246,Moody,Nanook of the North,Documentary|Drama,1:46 AM,4/26/2019,4/3/2020,0
247,Cowdrey,Return to Me,Drama|Romance,1:39 AM,12/3/2018,1/31/2020,4
248,Ingray,"Devil Wears Prada, The",Comedy|Drama,1:30 AM,7/5/2019,9/21/2020,2
249,Matisoff,Stories of Lost Souls,Comedy|Drama|Thriller,1:25 AM,10/8/2019,10/17/2019,6
250,Ollerenshaw,Shadow People,Drama,2:41 AM,6/1/2019,11/5/2019,0
251,Parchment,Look What's Happened to Rosemary's Baby (a.k.a. Rosemary's Baby II),Drama|Horror,2:19 AM,3/10/2019,2/17/2020,3
252,Himpson,Jet Li's Fearless (Huo Yuan Jia),Action|Drama,12:17 AM,10/15/2018,12/12/2019,10
253,Brame,Lights Out,Horror|Thriller,2:27 AM,1/14/2019,1/25/2020,3
254,Thick,Charlie Victor Romeo,Documentary|Drama|Thriller,12:08 AM,9/27/2019,2/11/2020,2
255,Jodlkowski,Ladrón que roba a ladrón,Action|Adventure|Comedy|Crime,12:12 AM,9/30/2019,2/14/2020,6
256,Genike,Philomena,Comedy|Drama,1:57 AM,10/12/2019,6/13/2020,3
257,Ewins,Obsessed,Crime|Drama|Thriller,2:38 AM,3/6/2019,11/11/2019,2
258,Foucher,"Runaways, The",Drama|Musical,2:00 AM,11/28/2018,4/13/2020,2
259,Biers,Aspen Extreme,Action,1:09 AM,2/20/2019,5/11/2020,0
260,Nassi,"Ring, The",Horror|Mystery|Thriller,2:33 AM,9/20/2019,3/29/2020,8
261,Fearon,Union Square,Drama,1:10 AM,2/23/2019,8/10/2020,0
262,Gurnee,Second Honeymoon,Comedy|Romance,12:37 AM,2/25/2019,11/5/2019,7
263,Cain,Diary of a Wimpy Kid,Children|Comedy,2:48 AM,9/22/2019,3/7/2020,0
264,Suggett,Let My Puppets Come,Comedy,12:22 AM,6/2/2019,4/18/2020,3
265,Byrcher,Sweeney Todd: The Demon Barber of Fleet Street,Drama|Horror|Musical|Thriller,2:19 AM,12/10/2018,9/22/2020,1
266,Knuckles,The 3 Rs,(no genres listed),2:38 AM,3/23/2019,7/26/2020,9
267,Jaffray,Ziggy Stardust and the Spiders from Mars,Documentary|Musical,12:33 AM,9/24/2019,5/6/2020,2
268,McCollum,Bye Bye Braverman,Comedy|Drama,1:23 AM,8/25/2019,12/27/2019,0
269,Adamoli,She Cried No (Freshman Fall),Crime|Drama,2:14 AM,9/8/2019,9/12/2020,5
270,Golagley,Real Fiction (Shilje sanghwang),Crime|Drama,1:44 AM,11/14/2018,9/23/2020,8
271,Schlagman,Submarino,Drama,1:19 AM,7/16/2019,2/23/2020,9
272,Valance,Bamboozled,Comedy,1:04 AM,2/19/2019,1/25/2020,4
273,Pattie,Beverly Hills Cop,Action|Comedy|Crime|Drama,12:20 AM,11/10/2018,12/17/2019,2
274,Hickinbottom,Pistol Opera (Pisutoru opera),Action|Crime|Drama,2:08 AM,1/15/2019,11/28/2019,6
275,Listone,Public Sex,Comedy|Drama,1:54 AM,11/12/2018,1/4/2020,1
276,Hearon,"One I Love, The",Comedy|Drama|Romance,1:46 AM,3/23/2019,1/4/2020,0
277,Blanche,"Lost City, The",Drama,12:03 AM,2/9/2019,3/9/2020,9
278,Wareing,Christmas Story (Joulutarina),Children|Drama|Fantasy,1:26 AM,11/27/2018,1/19/2020,0
279,Lansdown,Beauty in Trouble (Kráska v nesnázích),Drama,2:38 AM,9/1/2019,12/14/2019,6
280,Boxen,Prison Terminal: The Last Days of Private Jack Hall,Crime|Documentary,2:47 AM,12/24/2018,7/16/2020,6
281,Stimson,Metallica: Some Kind of Monster,Documentary,1:49 AM,8/16/2019,7/3/2020,7
282,Nickoll,Blood & Donuts,Comedy|Horror,2:01 AM,7/6/2019,10/21/2019,5
283,Steele,Freeze Me,Drama|Thriller,2:46 AM,4/13/2019,1/8/2020,3
284,Klimkovich,The Horseplayer,Drama,1:22 AM,12/4/2018,12/1/2019,2
285,Milnthorpe,Long Weekend,Horror|Mystery|Thriller,2:56 AM,2/25/2019,8/7/2020,6
286,Grane,Good,Drama|War,2:36 AM,10/8/2019,3/28/2020,9
287,Grane,"Maria, ihm schmeckt's nicht! (Maria, He Doesn't Like It)",Comedy,1:45 AM,8/13/2019,5/30/2020,3
288,MacGrath,Blue Week (Sininen viikko),Drama|Romance,12:40 AM,1/17/2019,12/20/2019,5
289,Whisby,Hui Buh: The Castle Ghost,Adventure|Comedy|Fantasy,12:04 AM,5/24/2019,9/13/2020,3
290,O' Lone,I Love Trouble,Action|Comedy,1:33 AM,10/28/2018,8/11/2020,2
291,Maxsted,Seitsemän veljestä,Drama,1:21 AM,2/27/2019,10/29/2019,4
292,Croser,Cold Trail (Köld slóð),Drama|Mystery|Thriller,2:30 AM,6/11/2019,8/2/2020,3
293,Haselhurst,Hit Man,Crime|Drama,12:33 AM,11/25/2018,6/14/2020,10
294,Durrett,"Lizard in a Woman's Skin, A (Lucertola con la pelle di donna, Una)",Horror|Mystery|Thriller,1:15 AM,5/10/2019,12/9/2019,1
295,Hedgeman,"Ghost Breakers, The",Comedy|Horror,12:21 AM,11/20/2018,3/25/2020,3
296,Sitlington,"Me, Myself and Mum (Les garçons et Guillaume, à table!)",Comedy,2:55 AM,6/4/2019,4/16/2020,0
297,Middle,"Lost World: Jurassic Park, The",Action|Adventure|Sci-Fi|Thriller,2:03 AM,11/3/2018,1/17/2020,1
298,Ingon,Powwow Highway,Drama,2:34 AM,6/18/2019,9/26/2020,2
299,Anthoine,"Eye, The (Gin gwai) (Jian gui)",Thriller,1:49 AM,7/9/2019,4/15/2020,8
300,Bruyntjes,Where a Good Man Goes (Joi gin a long),Action|Drama|Thriller,1:14 AM,9/2/2019,8/8/2020,4
301,Finby,Otakus in Love,Comedy|Drama|Romance,1:42 AM,4/2/2019,7/28/2020,2
302,Pridden,Fighter,Action|Drama|Romance,2:33 AM,9/11/2019,1/1/2020,9
303,Spittall,Lonesome,Comedy|Drama|Romance,12:10 AM,10/20/2018,4/11/2020,0
304,Bennitt,Portraits of Women (Naisenkuvia),Comedy|Drama,12:18 AM,1/23/2019,9/9/2020,6
305,Credland,Wreck-It Ralph,Animation|Comedy,1:27 AM,8/8/2019,3/8/2020,7
306,Collicott,Daayen Ya Baayen,Comedy|Drama,12:05 AM,9/8/2019,2/11/2020,1
307,Shapland,"Octopus, The (Le poulpe)",Comedy|Crime|Thriller,12:59 AM,8/29/2019,1/24/2020,9
308,Puckham,Godzilla vs. Mechagodzilla (Gojira tai Mekagojira),Action|Horror|Sci-Fi,12:36 AM,9/8/2019,8/6/2020,1
309,Eppson,Tears of Steel,Sci-Fi,2:55 AM,11/30/2018,12/17/2019,2
310,Tague,Deep Blue,Documentary,1:27 AM,5/12/2019,5/28/2020,8
311,Gillice,Dark Forces (Harlequin),Drama|Fantasy|Mystery,1:52 AM,11/20/2018,2/11/2020,8
312,Bawden,Wild China,Documentary,1:16 AM,2/3/2019,8/13/2020,2
313,Rozec,"Geographer Drank His Globe Away, The (Geograf globus propil)",Drama,1:01 AM,1/8/2019,11/12/2019,10
314,Hedworth,Bad Johnson,Comedy|Fantasy,1:36 AM,6/27/2019,3/17/2020,10
315,Matijevic,Django Unchained,Action|Drama|Western,1:16 AM,11/3/2018,5/10/2020,9
316,Hindrich,Under the Flag of the Rising Sun,Drama|Mystery|War,1:25 AM,7/13/2019,10/20/2019,9
317,Issitt,"Blood of a Poet, The (Sang d'un poète, Le)",Drama|Fantasy,1:40 AM,11/23/2018,1/29/2020,9
318,Clooney,Darktown Strutters (Get Down and Boogie),Action|Comedy|Musical,12:49 AM,11/21/2018,8/8/2020,2
319,Dudson,Widows,Drama,2:10 AM,3/2/2019,5/15/2020,5
320,Drewe,Two in the Wave,Documentary,2:58 AM,8/9/2019,1/22/2020,0
321,Heyward,From Dusk Till Dawn 2: Texas Blood Money ,Comedy|Crime|Horror,1:45 AM,2/4/2019,6/21/2020,3
322,Worrill,Invitation to Happiness,Drama|Romance,1:31 AM,1/18/2019,4/7/2020,2
323,Pratley,Musa the Warrior (Musa),Action|Adventure|Drama|War,2:14 AM,10/12/2019,4/23/2020,0
324,Lethcoe,Still Life (Sanxia haoren),Drama|Romance,1:07 AM,11/10/2018,11/22/2019,6
325,Riccardini,Boy Eating the Bird's Food (To agori troei to fagito tou pouliou),Drama,2:06 AM,6/1/2019,11/3/2019,8
326,Rouke,Hum Aapke Hain Koun...!,Comedy|Drama|Musical,1:55 AM,10/4/2019,8/6/2020,7
327,Leuty,Bull Durham,Comedy|Drama|Romance,12:55 AM,7/10/2019,1/29/2020,10
328,Heading,Bastard Out of Carolina,Drama,1:59 AM,11/30/2018,2/7/2020,6
329,Scowen,"Visit, The",Drama,1:04 AM,12/29/2018,3/18/2020,3
330,Wildbore,"Ay, Carmela! (¡Ay, Carmela!)",Drama|War,2:20 AM,11/10/2018,7/6/2020,5
331,Ruzicka,"Bucket List, The",Comedy|Drama,2:34 AM,4/19/2019,1/28/2020,1
332,Fynn,"Return of the Living Dead, The",Comedy|Horror|Sci-Fi,2:35 AM,7/4/2019,5/14/2020,2
333,Hards,"Beginner's Guide to Endings, A",Comedy|Drama,1:42 AM,10/21/2018,3/21/2020,2
334,Teresi,The Count of Monte Cristo,Adventure|Drama|Romance,2:29 AM,11/15/2018,12/24/2019,6
335,Le Frank,Tickets,Comedy|Drama,2:13 AM,2/10/2019,1/27/2020,10
336,Suter,Rebirth of Mothra II,Action|Fantasy,12:08 AM,2/10/2019,3/6/2020,10
337,Pelman,Promise of the Flesh (Yukcheui yaksok),(no genres listed),2:12 AM,3/24/2019,7/1/2020,2
338,Sabates,28 Weeks Later,Horror|Sci-Fi|Thriller,12:37 AM,12/28/2018,5/7/2020,9
339,L'Hommeau,Lock Up,Action|Adventure|Crime|Drama|Thriller,2:31 AM,4/1/2019,11/11/2019,4
340,Culmer,Night and the City,Crime|Drama,2:01 AM,5/13/2019,9/16/2020,7
341,McMarquis,Special,Drama|Fantasy,1:35 AM,6/19/2019,2/26/2020,3
342,Wehner,Vengeance (Fuk sau),Action|Crime|Thriller,1:19 AM,9/29/2019,7/1/2020,5
343,Giannassi,Giorgino,Adventure|Drama|Horror,1:58 AM,8/1/2019,6/3/2020,1
344,Le Port,Flash Gordon's Trip to Mars,Action|Sci-Fi,1:14 AM,3/12/2019,4/17/2020,0
345,Seymour,Beyond the Poseidon Adventure,Adventure,1:46 AM,12/9/2018,9/13/2020,9
346,Mandrier,Hoodoo Ann,Comedy|Drama|Romance,1:40 AM,12/20/2018,7/2/2020,5
347,Corten,Mental,Comedy|Drama,12:07 AM,3/20/2019,11/11/2019,3
348,Joselin,4:44 Last Day on Earth,Drama|Fantasy|Sci-Fi,1:36 AM,8/17/2019,12/3/2019,3
349,Sylett,Down by Law,Comedy|Drama|Film-Noir,2:09 AM,3/8/2019,12/26/2019,5
350,Barron,Highlander: Endgame (Highlander IV),Action|Adventure|Fantasy,12:28 AM,4/29/2019,11/27/2019,7
351,Heggman,Close-Up (Nema-ye Nazdik),Drama,2:40 AM,2/14/2019,1/14/2020,3
352,Assad,They Won't Forget,Drama|Mystery,2:17 AM,9/24/2019,10/19/2019,9
353,Dy,"Man I Love, The",Crime|Drama|Thriller,1:45 AM,12/18/2018,12/12/2019,0
354,Paramor,Hukkle,Crime|Drama|Mystery,12:04 AM,6/13/2019,7/1/2020,5
355,Wiseman,Proof,Drama,2:26 AM,7/14/2019,6/9/2020,1
356,Le Houx,Nas: Time Is Illmatic,Documentary,1:18 AM,2/10/2019,12/17/2019,5
357,Stennes,"Gazebo, The",Comedy|Crime,2:12 AM,8/4/2019,12/11/2019,7
358,Echalier,Smashing Time,Comedy,2:50 AM,1/19/2019,9/5/2020,3
359,Mizen,Fire Down Below,Adventure|Drama,2:35 AM,5/2/2019,2/15/2020,9
360,Derks,Shadow of a Doubt,Crime|Drama|Thriller,12:36 AM,11/11/2018,12/16/2019,5
361,Portlock,Thumbelina,Animation|Children|Fantasy,2:04 AM,11/5/2018,4/3/2020,10
362,Sanger,First Love,Comedy|Musical,1:46 AM,6/19/2019,4/27/2020,10
363,Braunle,Rocky II,Action|Drama,12:15 AM,7/28/2019,12/12/2019,7
364,Downage,Gettysburg,Drama|War,2:15 AM,7/12/2019,3/31/2020,0
365,Lufkin,Dragon Ball Z: The History of Trunks (Doragon bôru Z: Zetsubô e no hankô!! Nokosareta chô senshi - Gohan to Torankusu),Action|Adventure|Animation,2:35 AM,11/18/2018,7/29/2020,1
366,Grzesiewicz,Zu: Warriors from the Magic Mountain (Xin shu shan jian ke),Action|Adventure|Fantasy|Horror,1:14 AM,12/14/2018,3/12/2020,3
367,Meddows,"Christmas Carol, A",Drama|Fantasy,2:16 AM,11/3/2018,5/6/2020,10
368,Wetter,Norwegian Wood (Noruwei no mori),Drama|Romance,12:18 AM,12/17/2018,5/30/2020,7
369,Friett,The Suspicious Death of a Minor,Comedy|Crime|Thriller,2:53 AM,3/20/2019,10/20/2019,2
370,Blackhurst,"Fighting Spirit, The",Documentary,2:46 AM,9/28/2019,1/5/2020,4
371,Worsam,"Grey, The",Action|Drama,1:58 AM,10/9/2019,9/30/2020,3
372,Stronghill,Wild Is the Wind,Drama,2:05 AM,5/6/2019,8/10/2020,6
373,Tanser,Pahat pojat,Action|Crime|Drama,2:04 AM,5/9/2019,7/11/2020,4
374,McBlain,Edge of Fear (Ella y el miedo),Horror,2:31 AM,1/5/2019,2/17/2020,2
375,Bucklee,Slipstream,Comedy|Drama|Fantasy|Mystery|Sci-Fi|Thriller,1:18 AM,1/16/2019,3/13/2020,3
376,Whittington,Strangers in Good Company,Drama,12:29 AM,12/8/2018,3/27/2020,5
377,Saintpierre,Happy Weekend,Comedy,12:32 AM,11/25/2018,12/11/2019,8
378,Brothwell,Ollin oppivuodet,Drama,1:02 AM,12/15/2018,12/27/2019,4
379,Dodle,She's the One,Comedy|Romance,12:43 AM,6/18/2019,6/4/2020,6
380,Dawidowitsch,Eyes of an Angel,Drama,1:48 AM,4/25/2019,2/13/2020,5
381,Harwood,Touch of Evil,Crime|Film-Noir|Thriller,2:57 AM,12/3/2018,1/25/2020,9
382,McInerney,Life During Wartime,Comedy|Drama,2:59 AM,7/30/2019,11/6/2019,1
383,Blaskett,A Kind of America 2,Comedy,1:33 AM,12/6/2018,1/2/2020,3
384,Booeln,"War Lord, The",Drama|Romance|War,12:49 AM,3/27/2019,3/13/2020,1
385,Reina,Cover Girl,Comedy|Musical,1:40 AM,5/25/2019,11/5/2019,3
386,Heinreich,"Navigator, The",Comedy,2:14 AM,10/21/2018,1/20/2020,4
387,Klos,Beyond the Black Rainbow,Mystery|Sci-Fi,1:12 AM,8/27/2019,8/11/2020,7
388,Janota,Wicked,Thriller,1:52 AM,12/14/2018,9/18/2020,2
389,Bamsey,Chicago Joe and the Showgirl,Drama,1:30 AM,3/13/2019,12/7/2019,2
390,Coase,"Prizefighter and the Lady, The",Comedy|Crime|Romance,12:13 AM,8/11/2019,6/27/2020,3
391,Emmot,Demon Seed,Horror|Sci-Fi|Thriller,1:49 AM,4/20/2019,2/8/2020,1
392,Selborne,Waking Madison ,Drama,2:29 AM,11/6/2018,4/24/2020,1
393,Klimentov,Fallen Angel,Crime|Film-Noir|Mystery|Romance,2:15 AM,4/10/2019,6/24/2020,10
394,Lidgely,Figures in a Landscape,Thriller,1:29 AM,5/20/2019,3/24/2020,8
395,Critten,"Hunger Games: Catching Fire, The",Action|Adventure|Sci-Fi|IMAX,2:27 AM,5/13/2019,10/19/2019,8
396,Goford,"300 Spartans, The",Adventure|Drama|War,2:55 AM,10/10/2019,4/15/2020,3
397,Gelletly,Charlie Chan on Broadway,Comedy|Crime|Mystery|Thriller,1:32 AM,4/27/2019,9/16/2020,9
398,Filimore,9to5: Days in Porn (a.k.a. 9 to 5: Days in Porn),Documentary,2:56 AM,7/10/2019,4/11/2020,5
399,Fazackerley,"Mist, The",Horror|Sci-Fi,2:14 AM,7/19/2019,2/22/2020,7
400,Hulles,One Million B.C.,Adventure|Fantasy|Romance|Sci-Fi,12:32 AM,2/13/2019,7/12/2020,6
401,Grigoryov,Up in the Wind,Comedy,12:10 AM,3/1/2019,6/2/2020,5
402,Laingmaid,"Pursuit of the Graf Spee (Battle of the River Plate, The)",Action|Adventure|Drama|War,2:01 AM,1/18/2019,4/8/2020,7
403,Dmitriev,Score: A Hockey Musical,Comedy|Musical,2:27 AM,8/27/2019,5/1/2020,3
404,Gritsunov,Orderly or Disorderly (Be Tartib ya Bedoun-e Tartib),Documentary,12:52 AM,9/30/2019,4/26/2020,4
405,D'Antoni,"Insider, The",Drama|Thriller,2:26 AM,10/26/2018,12/19/2019,8
406,Burlingame,Women Art Revolution,Documentary,2:41 AM,5/15/2019,10/17/2019,2
407,Schermick,"People vs. George Lucas, The",Documentary,12:24 AM,2/12/2019,2/14/2020,1
408,Heaney`,Shoot to Kill,Action|Adventure,2:29 AM,5/13/2019,8/30/2020,2
409,Fittall,Choices,Drama,1:30 AM,10/15/2018,5/14/2020,2
410,Elnough,"Summer by the River, A (Kuningasjätkä)",Drama,2:36 AM,5/28/2019,5/15/2020,0
411,Schimonek,Coming Home (Gui lai),Drama,2:42 AM,6/8/2019,3/9/2020,1
412,Daniele,"Program, The",Action|Drama,2:17 AM,4/1/2019,8/2/2020,6
413,Wathen,Last Life in the Universe (Ruang rak noi nid mahasan),Drama|Romance,2:13 AM,1/3/2019,6/17/2020,3
414,Pomery,2010: Moby Dick,Action|Adventure|Thriller,2:17 AM,4/25/2019,2/1/2020,3
415,Stoppard,"Goodbye, South, Goodbye (Nan guo zai jian, nan guo)",Crime|Drama,12:16 AM,11/4/2018,3/29/2020,2
416,Stedall,"Magnificent Ambersons, The",Drama|Romance,2:11 AM,12/24/2018,5/14/2020,7
417,Rozet,"Promotion, The",Comedy,2:03 AM,2/18/2019,5/9/2020,10
418,Jakes,Faces in the Crowd,Crime|Drama|Mystery,1:28 AM,4/22/2019,7/12/2020,3
419,Baigent,Stand by Me Doraemon,Animation|Children|Drama|Fantasy,2:22 AM,7/7/2019,9/16/2020,9
420,Rabbet,The Magic Box,Drama,12:19 AM,9/18/2019,11/17/2019,1
421,Sidery,Scorcher,Action|Sci-Fi,12:40 AM,1/7/2019,4/11/2020,5
422,Gillfillan,Nazareno Cruz and the Wolf,(no genres listed),12:02 AM,8/4/2019,7/24/2020,10
423,Smaridge,Terry Pratchett: Choosing to Die,Documentary,2:39 AM,3/16/2019,3/23/2020,2
424,Denes,"January Man, The",Comedy|Crime|Mystery|Thriller,12:17 AM,12/19/2018,11/9/2019,0
425,Mohring,Up Periscope,Action|Drama|War,1:05 AM,11/25/2018,1/20/2020,6
426,Wilshire,"Perez Family, The",Comedy|Romance,1:18 AM,6/14/2019,10/22/2019,0
427,O'Lehane,"Good Lawyer's Wife, A (Baramnan gajok)",Drama,12:57 AM,2/8/2019,5/5/2020,0
428,Flanagan,"Game, The",Drama|Mystery|Thriller,1:21 AM,2/2/2019,1/1/2020,0
429,Erington,"Crude Oasis, The",Drama|Romance,12:45 AM,10/10/2019,5/10/2020,7
430,Poleykett,"Princess Diaries, The",Children|Comedy|Romance,1:25 AM,1/14/2019,5/24/2020,1
431,Boydell,The Count of Monte Cristo,Action|Adventure|Drama|Romance|Thriller,12:18 AM,7/18/2019,2/25/2020,7
432,Hernik,"Unearthly, The",Horror|Sci-Fi,1:17 AM,2/2/2019,11/18/2019,3
433,Denington,Bloody Birthday,Horror|Thriller,2:48 AM,1/29/2019,6/18/2020,8
434,Probetts,Scorpio,Action|Drama|Thriller,12:55 AM,9/18/2019,7/10/2020,6
435,Rappport,City of Ember,Adventure|Children|Sci-Fi,2:50 AM,1/21/2019,10/1/2020,7
436,Gerhartz,Barabbas,Drama,12:14 AM,1/8/2019,4/8/2020,8
437,Spracklin,Birdemic: Shock and Terror,Romance|Thriller,12:16 AM,12/29/2018,9/19/2020,6
438,Ketteman,Papadopoulos & Sons,Comedy|Drama,12:05 AM,2/23/2019,9/9/2020,0
439,Ferrari,State Affairs (Une affaire d'état),Thriller,2:24 AM,12/8/2018,10/18/2019,5
440,Broadberry,Angele,Drama,1:27 AM,10/31/2018,12/25/2019,2
441,Harvey,"Woman's Face, A (En kvinnas ansikte) ",Drama,12:07 AM,4/23/2019,7/8/2020,10
442,Belford,"Battle of Britain, The (Why We Fight, 4)",Documentary|War,2:42 AM,8/2/2019,10/17/2019,3
443,Garaghan,"Mesmerist, The",Comedy|Fantasy|Horror,2:44 AM,4/6/2019,11/2/2019,10
444,Soda,"Big Bounce, The",Comedy|Crime|Thriller,2:36 AM,7/31/2019,4/26/2020,7
445,Brikner,"Cake Eaters, The",Drama,2:58 AM,1/29/2019,4/3/2020,8
446,Estick,Familiar Ground,Comedy,12:47 AM,2/27/2019,6/20/2020,6
447,Ropking,Rabbit Without Ears 2 (Zweiohrküken),Comedy|Romance,12:09 AM,12/21/2018,7/7/2020,9
448,Rotchell,Dogs in Space,Drama,12:10 AM,12/16/2018,11/10/2019,9
449,Fareweather,Impact,Crime|Drama,2:03 AM,1/10/2019,10/22/2019,0
450,Barnby,Rain,Drama,1:38 AM,12/7/2018,3/12/2020,9
451,Candwell,"Tracey Fragments, The",Drama,1:16 AM,9/22/2019,12/19/2019,6
452,Gorick,"Key, The",Drama|Romance|War,2:04 AM,6/3/2019,1/22/2020,0
453,Feakins,This is Martin Bonner,Drama,2:33 AM,7/17/2019,2/26/2020,9
454,O' Byrne,Radio On,Drama,2:39 AM,5/4/2019,4/18/2020,2
455,Goldsmith,Elizabeth: The Golden Age,Drama,1:35 AM,4/22/2019,1/8/2020,4
456,Planque,Die Fischerin,Drama,12:55 AM,1/22/2019,12/12/2019,9
457,Empson,Wuthering Heights,(no genres listed),1:12 AM,7/23/2019,9/19/2020,8
458,Whittles,Whisper,Crime|Drama|Horror|Thriller,12:09 AM,8/14/2019,3/18/2020,8
459,Meade,Sliver,Thriller,12:00 AM,4/11/2019,9/26/2020,9
460,Stedall,"First Time, The",Comedy|Drama|Romance,12:08 AM,2/17/2019,7/12/2020,7
461,Bettesworth,Listy do M.,Comedy|Romance,2:23 AM,12/3/2018,10/18/2019,1
462,Habeshaw,Noel,Drama,1:14 AM,5/27/2019,5/16/2020,4
463,Pollett,Hukkle,Crime|Drama|Mystery,2:46 AM,10/21/2018,5/2/2020,3
464,Ragless,"Seagull's Laughter, The (Mávahlátur)",Comedy|Drama,2:54 AM,8/29/2019,6/8/2020,1
465,Wasling,RoboCop 3,Action|Crime|Drama|Sci-Fi|Thriller,2:03 AM,2/14/2019,9/30/2020,4
466,Hanvey,The Fountain,Comedy,1:49 AM,9/18/2019,1/17/2020,6
467,Fick,"Monsters, Inc.",Adventure|Animation|Children|Comedy|Fantasy,2:40 AM,8/18/2019,5/20/2020,9
468,Sloley,Bianca Beauchamp: All Access,Documentary,1:05 AM,5/7/2019,9/3/2020,1
469,Ledster,20 Feet from Stardom (Twenty Feet from Stardom),Documentary,1:55 AM,11/27/2018,12/3/2019,2
470,Keedy,Made in Britain,Crime|Drama,1:38 AM,5/7/2019,9/22/2020,9
471,Husset,Resurrecting the Champ,Drama,1:26 AM,6/30/2019,8/17/2020,9
472,Ferenczi,ABC Africa,Documentary,1:32 AM,4/11/2019,7/4/2020,8
473,McMillan,"Food of the Gods, The",Horror|Sci-Fi,1:22 AM,11/6/2018,4/3/2020,1
474,Jorez,Power (Jew Süss),Drama|Romance,1:10 AM,8/29/2019,1/9/2020,1
475,Zanussii,Leaving Normal,Comedy|Drama,1:09 AM,2/15/2019,12/17/2019,6
476,Stovin,Good Copy Bad Copy,Documentary,2:53 AM,7/11/2019,11/15/2019,5
477,Deegan,Disturbia,Drama|Thriller,1:43 AM,10/26/2018,3/27/2020,9
478,Stetson,Better Living Through Circuitry,Documentary,12:17 AM,5/10/2019,2/1/2020,7
479,Salling,Blood and Bones (Chi to hone),Drama,12:56 AM,12/17/2018,6/5/2020,0
480,Amar,Martha,Drama|Thriller,12:25 AM,5/11/2019,2/25/2020,2
481,Lightfoot,Waterworld,Action|Adventure|Sci-Fi,2:21 AM,11/22/2018,7/8/2020,0
482,McEwan,A Pistol For Ringo,Action|Drama|Western,12:45 AM,5/3/2019,4/22/2020,0
483,Moyes,Suzhou River (Suzhou he),Drama|Romance,2:30 AM,1/23/2019,1/28/2020,0
484,Bloxsom,First Monday in October,Comedy|Drama,1:05 AM,8/15/2019,1/28/2020,5
485,Paynter,"Life and Nothing But (Vie et rien d'autre, La)",Drama,12:22 AM,4/14/2019,12/17/2019,10
486,Pfaffel,Village People,Comedy,2:32 AM,9/21/2019,6/17/2020,7
487,Maltby,Evolver,Action|Horror|Sci-Fi,12:16 AM,3/31/2019,8/18/2020,6
488,Fonso,"Perfect Game, The",Drama,1:25 AM,6/11/2019,6/15/2020,9
489,Rawood,Mimic 2,Horror|Sci-Fi|Thriller,1:00 AM,1/19/2019,12/18/2019,5
490,Spanton,Redacted,Action|Crime|Drama|War,1:29 AM,11/1/2018,9/13/2020,7
491,Jaze,Reunion,Drama,12:37 AM,7/17/2019,8/28/2020,4
492,Como,Protector (Protektor),Drama,1:43 AM,9/14/2019,6/10/2020,5
493,Pinnere,Avalon,Drama|Thriller,2:26 AM,7/21/2019,10/21/2019,8
494,Dyet,Topralli,Comedy,12:22 AM,8/22/2019,6/28/2020,5
495,Willman,Killer McCoy,Drama,12:24 AM,12/12/2018,8/25/2020,3
496,Viner,Normal Life,Crime|Drama|Romance,12:02 AM,2/25/2019,7/13/2020,7
497,Yushmanov,It's a Great Feeling,Comedy,12:08 AM,9/25/2019,2/27/2020,10
498,Float,Hotel Rwanda,Drama|War,12:09 AM,11/8/2018,6/14/2020,3
499,Perse,"Corruptor, The",Action|Crime|Drama|Thriller,12:46 AM,2/9/2019,8/12/2020,7
500,Burgan,Impromptu,Comedy|Romance,12:18 AM,9/29/2019,6/27/2020,3
501,Lampitt,"Other F Word, The",Comedy|Documentary|Drama,1:23 AM,1/29/2019,1/18/2020,10
502,Rames,Mr. Nanny,Action|Children|Comedy,12:32 AM,12/23/2018,12/29/2019,5
503,Sales,Generation Kill,Drama|War,1:42 AM,6/5/2019,11/9/2019,10
504,Bidgod,Pusher,Crime|Thriller,1:42 AM,4/20/2019,3/3/2020,8
505,Vinick,Spriggan (Supurigan),Action|Animation|Sci-Fi,12:14 AM,1/18/2019,12/28/2019,6
506,Nial,Thérèse,Drama,12:32 AM,9/16/2019,3/13/2020,1
507,Barnaby,Fanboys,Adventure|Comedy|Drama,1:02 AM,10/4/2019,7/3/2020,2
508,Hyland,The Suspicious Death of a Minor,Comedy|Crime|Thriller,2:31 AM,10/7/2019,2/4/2020,5
509,Kimpton,Bullitt,Action|Crime|Drama|Thriller,12:06 AM,7/28/2019,2/29/2020,6
510,Jubert,Nighthawks,Action|Drama,2:37 AM,11/20/2018,3/22/2020,10
511,Hrachovec,Paradise,Romance,12:30 AM,3/11/2019,4/8/2020,1
512,Chipchase,"Attack, The",Drama,2:13 AM,6/3/2019,10/4/2020,8
513,Aukland,Miss Zombie,Horror,2:22 AM,5/6/2019,12/15/2019,5
514,Boake,Biggie and Tupac,Documentary,12:22 AM,10/26/2018,8/21/2020,3
515,Briance,The Mummy's Shroud,Horror,1:28 AM,5/9/2019,4/2/2020,7
516,Marwick,"Go-Getter, The",Comedy|Drama,1:45 AM,7/31/2019,6/29/2020,4
517,Howsan,Amores Perros (Love's a Bitch),Drama|Thriller,12:49 AM,9/14/2019,11/13/2019,7
518,Buxton,Porto of My Childhood (Porto da Minha Infância),Drama,12:07 AM,4/28/2019,4/15/2020,8
519,Oxx,"Where Angels Go, Trouble Follows",Comedy,2:09 AM,8/10/2019,6/1/2020,8
520,Graffham,One 2 Ka 4,Action|Comedy|Drama,2:22 AM,12/17/2018,12/29/2019,7
521,Bee,Aurora Borealis,Drama|Romance,1:20 AM,2/17/2019,2/26/2020,1
522,Fawckner,"Woman's Face, A",Drama|Thriller,2:22 AM,11/19/2018,1/10/2020,5
523,Thistleton,"Life of Another, The (La vie d'une autre)",Comedy|Drama|Mystery,1:40 AM,2/20/2019,2/22/2020,3
524,Bryers,White Banners,Drama,2:36 AM,12/20/2018,1/25/2020,4
525,Mansour,"Glenn, the Flying Robot",Sci-Fi,12:51 AM,8/13/2019,8/9/2020,4
526,Cluet,Taming the Fire (Ukroshcheniye ognya),Documentary|Drama|Sci-Fi,1:46 AM,2/9/2019,2/12/2020,1
527,Cranna,Oasis,Drama|Romance,1:00 AM,2/18/2019,2/22/2020,9
528,Duran,Chan Is Missing,Crime,1:09 AM,7/3/2019,11/28/2019,7
529,Crowdson,Song of the South,Adventure|Animation|Children|Musical,1:23 AM,3/16/2019,9/3/2020,8
530,Kew,"Grand Amour, Le",Comedy|Romance,2:25 AM,9/9/2019,3/28/2020,4
531,McNess,Tungsten,Drama,1:33 AM,1/27/2019,11/13/2019,4
532,Jahnke,Bridge of Dragons,Action|Romance|Sci-Fi|Thriller,2:14 AM,12/29/2018,7/2/2020,6
533,Maddinon,Laissons Lucie faire !,(no genres listed),1:33 AM,7/29/2019,2/3/2020,6
534,Mathevon,"Swimmer, The",Drama,12:34 AM,9/20/2019,11/7/2019,1
535,Ikins,Embodiment of Evil (Encarnação do Demônio),Mystery,1:16 AM,7/20/2019,7/15/2020,4
536,Warmisham,Mr. Klein (Monsieur Klein),Drama,12:58 AM,9/10/2019,6/14/2020,1
537,Ovid,"Police, Adjective (Politist, adj.)",Comedy|Crime|Drama,1:51 AM,3/8/2019,12/18/2019,10
538,Bazeley,2 Days in the Valley,Crime|Film-Noir,2:23 AM,5/14/2019,7/9/2020,7
539,Elphinstone,Snake Woman's Curse,Horror,12:50 AM,9/3/2019,11/22/2019,8
540,Bonniface,Apple Jack,Comedy|Drama,2:30 AM,6/25/2019,9/23/2020,1
541,Portwain,How the Grinch Stole Christmas (a.k.a. The Grinch),Children|Comedy|Fantasy,1:59 AM,11/13/2018,7/18/2020,5
542,Petrolli,Vivien Leigh: Scarlett and Beyond,Documentary,2:50 AM,5/3/2019,8/7/2020,5
543,Rhubottom,The Clinic,Horror|Thriller,1:34 AM,11/3/2018,8/17/2020,5
544,Bauduccio,"Soldier's Daughter Never Cries, A",Drama,2:07 AM,8/10/2019,1/5/2020,0
545,Bulleyn,Possession,Drama|Horror,12:49 AM,11/29/2018,3/13/2020,10
546,Lyness,Problem Child,Children|Comedy,1:22 AM,7/5/2019,6/15/2020,8
547,Jakubovicz,Go,Comedy|Crime,2:17 AM,12/8/2018,7/16/2020,0
548,Figge,Puppet Master vs. Demonic Toys (Puppet Master 9),Comedy|Fantasy|Horror|Sci-Fi|Thriller,1:16 AM,12/26/2018,3/10/2020,3
549,Josselson,Beginning of the End,Sci-Fi,12:33 AM,11/13/2018,12/27/2019,9
550,Bark,"Music of Chance, The",Drama,2:25 AM,12/15/2018,6/18/2020,9
551,Bartot,Layer Cake,Crime|Drama|Thriller,12:08 AM,12/21/2018,6/18/2020,9
552,Landsbury,The Great Kidnapping,Action|Crime|Thriller,2:07 AM,1/21/2019,8/27/2020,1
553,Sisson,One to Another (Chacun sa nuit),Drama,1:32 AM,6/23/2019,4/7/2020,10
554,Hourstan,Abandon,Drama|Thriller,12:43 AM,8/19/2019,1/13/2020,5
555,Shreeves,So Ends Our Night,Drama|War,12:47 AM,5/3/2019,6/27/2020,0
556,Orro,"Adventures of Sebastian Cole, The",Comedy|Drama,1:39 AM,1/28/2019,5/19/2020,0
557,Kynton,Life for Sale (Kotirauha),Drama,1:39 AM,8/16/2019,12/28/2019,2
558,Kivlin,Damsels in Distress,Comedy|Romance,12:04 AM,5/25/2019,7/16/2020,8
559,Hirth,Saawariya,Drama|Musical|Romance,2:04 AM,1/22/2019,1/20/2020,3
560,Aslin,Even Money,Crime|Drama,2:22 AM,8/27/2019,5/1/2020,8
561,Allner,Tyler Perry's Madea's Big Happy Family,Comedy|Drama,12:47 AM,6/6/2019,6/1/2020,4
562,Calladine,Eulogy,Comedy|Crime|Drama,12:16 AM,6/23/2019,8/20/2020,2
563,Ceely,Bad Blood: A Cautionary Tale ,Documentary,2:02 AM,8/28/2019,4/12/2020,8
564,Thunderchief,Mail Order Bride,Comedy|Western,2:51 AM,2/26/2019,3/4/2020,5
565,Titmus,"Edge of the World, The",Drama|Romance,12:59 AM,3/27/2019,2/18/2020,3
566,Wickins,Radio Rebel,Drama,2:33 AM,9/30/2019,10/1/2020,1
567,Benns,Babysitting,Comedy,1:51 AM,7/7/2019,10/29/2019,3
568,Joscelyn,"Most Beautiful, The (Ichiban utsukushiku)",Drama,1:00 AM,4/28/2019,9/3/2020,10
569,Delgado,Phantom Pain,Drama,2:56 AM,5/28/2019,2/4/2020,9
570,Parradye,The Emperor's Candlesticks,Drama|Romance,12:07 AM,4/4/2019,8/16/2020,6
571,Lujan,Play Misty for Me,Drama|Thriller,1:08 AM,8/26/2019,12/7/2019,3
572,Joynson,Dragon Ball: Sleeping Princess in Devil's Castle (Doragon bôru: Majinjô no nemuri hime),Action|Adventure|Animation|Children,12:30 AM,2/23/2019,7/17/2020,10
573,Hanna,"Last Shot, The",Comedy,12:13 AM,11/16/2018,9/24/2020,8
574,Pharaoh,"Walking Dead, The",Drama|War,12:02 AM,4/3/2019,1/23/2020,9
575,Ornils,"Other Woman, The",Comedy|Romance,2:09 AM,5/1/2019,6/29/2020,6
576,Iddins,"Shiver of the Vampires, The (Frisson des vampires, Le)",Horror,1:50 AM,5/4/2019,5/13/2020,0
577,Moxham,TMNT (Teenage Mutant Ninja Turtles),Action|Adventure|Animation|Children|Comedy|Fantasy,12:27 AM,11/16/2018,2/7/2020,2
578,McTerry,Papa,Comedy|Drama,1:09 AM,4/27/2019,5/21/2020,3
579,Livoir,Drinking Buddies,Comedy|Drama|Romance,1:23 AM,1/8/2019,4/21/2020,8
580,Ranaghan,"Little Engine That Could, The",Animation|Children,2:04 AM,10/24/2018,3/1/2020,6
581,Asson,"One, The",Action|Sci-Fi|Thriller,2:20 AM,2/22/2019,12/17/2019,0
582,Langan,"Lost Honor of Katharina Blum, The (Verlorene Ehre der Katharina Blum oder: Wie Gewalt entstehen und wohin sie führen kann, Die)",Drama,2:43 AM,2/18/2019,5/3/2020,1
583,Duigenan,My Childhood,Drama,12:33 AM,2/23/2019,2/27/2020,2
584,MacDermot,"Turn of the Screw, The",Drama|Horror|Mystery,12:14 AM,8/20/2019,1/29/2020,9
585,Lidbetter,Bring It On,Comedy,2:35 AM,7/20/2019,9/2/2020,8
586,Oxe,Go,Drama,1:17 AM,11/5/2018,10/30/2019,5
587,Caught,Full Speed (À toute vitesse),Drama,1:54 AM,5/19/2019,3/7/2020,7
588,Arrigo,71: Into The Fire (Pohwasogeuro),War,12:53 AM,1/27/2019,2/4/2020,5
589,Standbrook,Robin-B-Hood (Bo bui gai wak),Action|Comedy|Drama,2:14 AM,1/27/2019,8/18/2020,0
590,Hardistry,Alien: Resurrection,Action|Horror|Sci-Fi,2:02 AM,1/31/2019,3/19/2020,10
591,Woodroof,Painless (Insensibles) ,Fantasy|Horror|Mystery|War,1:18 AM,3/7/2019,12/5/2019,0
592,Bessom,"Heat, The",Action|Comedy|Crime,2:53 AM,8/9/2019,11/4/2019,1
593,O'Hanley,This Movie Is Broken,Drama|Romance,12:34 AM,1/9/2019,4/4/2020,5
594,McBrier,Magnificent Obsession,Drama|Romance,12:34 AM,8/2/2019,7/4/2020,0
595,Labitt,Sin City: A Dame to Kill For,Action|Crime|Thriller,2:27 AM,3/29/2019,4/8/2020,10
596,Welbrock,Stars Above,(no genres listed),12:35 AM,12/8/2018,10/18/2019,4
597,Hesey,Spirit: Stallion of the Cimarron,Adventure|Animation|Children|Western,2:11 AM,6/15/2019,12/10/2019,9
598,Regina,"Summer Place, A",Drama,1:32 AM,8/31/2019,6/11/2020,0
599,McKew,Absolute Aggression,Action|Sci-Fi|Thriller,2:09 AM,6/22/2019,9/18/2020,5
600,Llewellyn,Känd från TV,Comedy,1:24 AM,8/17/2019,9/11/2020,10
601,Armour,"Captive, The (La captive)",Drama|Romance,2:40 AM,10/15/2018,1/19/2020,10
602,Mattingly,Grace Is Gone,Drama,2:51 AM,4/4/2019,6/8/2020,4
603,Maudsley,La petite reine,Drama,1:56 AM,10/28/2018,6/2/2020,6
604,Yousef,Eye of the Tiger,Action,2:44 AM,2/7/2019,6/7/2020,10
605,Gudyer,Vampire Girl vs. Frankenstein Girl (Kyûketsu Shôjo tai Shôjo Furanken),Action|Comedy|Horror|Romance,12:50 AM,11/16/2018,3/4/2020,6
606,Paszek,Karla,Crime|Drama|Thriller,2:34 AM,3/9/2019,8/23/2020,5
607,Rimbault,"Condemned, The",Action|Adventure|Crime|Thriller,2:01 AM,10/12/2019,1/17/2020,4
608,Sebley,"Patriot, The",Action|Thriller,2:29 AM,4/23/2019,12/20/2019,5
609,Vasovic,Cocoon,Comedy|Sci-Fi,1:44 AM,8/17/2019,11/15/2019,0
610,Estick,Doodlebug,Fantasy|Mystery,1:32 AM,1/2/2019,8/28/2020,10
611,Rubury,"Touch of Zen, A (Xia nu)",Action|Adventure,2:37 AM,6/12/2019,4/27/2020,2
612,Castles,"Astronaut Farmer, The",Drama,12:30 AM,7/14/2019,5/6/2020,2
613,Cornwell,"Blue Umbrella, The",Animation,2:04 AM,8/26/2019,8/20/2020,10
614,Dono,"Smart Set, The",Comedy|Drama,1:21 AM,4/13/2019,4/22/2020,9
615,Badcock,Two in the Wave,Documentary,2:08 AM,9/18/2019,5/30/2020,0
616,Height,Dudley Do-Right,Children|Comedy,2:19 AM,2/12/2019,7/27/2020,9
617,Chippendale,Paint Your Wagon,Comedy|Musical|Western,2:42 AM,1/15/2019,5/31/2020,5
618,Dally,Assassination Tango,Drama|Thriller,12:17 AM,2/25/2019,6/26/2020,4
619,Barense,Reckless,Comedy|Drama|Romance,1:47 AM,12/8/2018,9/9/2020,1
620,Coldrick,Sweetwater,Thriller|Western,1:18 AM,4/23/2019,8/7/2020,3
621,Cammis,Child's Play,Horror|Thriller,2:45 AM,10/13/2019,6/24/2020,4
622,Capinetti,Ghost Adventures,Documentary,12:12 AM,10/22/2018,7/9/2020,2
623,Weild,Sirens,Drama,12:00 AM,2/13/2019,11/23/2019,7
624,Scaice,Seinto Seiya: Legend of Sanctuary (Seinto Seiya: Legend of Sanctuary),Animation,12:34 AM,12/2/2018,7/22/2020,8
625,Gillbe,Putty Hill,Drama,12:47 AM,9/29/2019,3/1/2020,8
626,Kimbrough,"Sword and the Dragon, The (Ilya Muromets)",Adventure|Fantasy,1:53 AM,8/30/2019,3/31/2020,6
627,Wingar,Stakeout on Dope Street,Crime|Drama,2:28 AM,9/17/2019,9/3/2020,9
628,Gohier,Within the Woods,Horror,2:10 AM,10/14/2018,7/9/2020,4
629,Letrange,Whatever,Drama,12:03 AM,9/18/2019,11/12/2019,8
630,Kobke,Madonna's Pig,Fantasy|Romance|Sci-Fi,12:55 AM,7/17/2019,6/23/2020,3
631,Keelin,Peas at 5:30 (Erbsen auf halb 6),Comedy|Drama|Romance,12:04 AM,6/8/2019,2/5/2020,0
632,Deinhardt,Berserk: The Golden Age Arc - The Egg of the King,Action|Adventure|Animation|Fantasy|Horror,12:31 AM,7/26/2019,11/29/2019,8
633,Lewis,Shaun of the Dead,Comedy|Horror,2:50 AM,4/8/2019,9/15/2020,4
634,Treske,My Führer,Comedy|Drama|War,1:34 AM,5/4/2019,5/15/2020,10
635,Mirando,Rabbit-Proof Fence,Adventure|Drama,12:09 AM,9/27/2019,1/18/2020,0
636,Kirkbride,"Meteor Man, The",Comedy,2:18 AM,4/29/2019,11/30/2019,5
637,Bellamy,Sin City,Action|Crime|Film-Noir|Mystery|Thriller,2:56 AM,8/23/2019,10/26/2019,9
638,Clemson,Maya Lin: A Strong Clear Vision,Documentary,12:01 AM,5/13/2019,11/29/2019,8
639,Perillo,Lassie,Adventure|Children,12:15 AM,9/27/2019,7/29/2020,3
640,Eaves,"Farewell to Arms, A",Romance|War,12:56 AM,10/20/2018,1/7/2020,1
641,Lang,"Rock, The",Action|Adventure|Thriller,2:38 AM,9/8/2019,9/9/2020,3
642,Chawkley,December Boys,Drama,2:34 AM,1/8/2019,3/13/2020,7
643,Brickham,Memphis Belle,Action|Drama|War,2:09 AM,5/12/2019,9/13/2020,8
644,Trotman,Divided We Fall (Musíme si pomáhat),Comedy|Drama,1:45 AM,10/7/2019,9/9/2020,3
645,Rosewarne,"Die Bademeister – Weiber, saufen, Leben retten",Comedy,2:04 AM,11/4/2018,12/18/2019,4
646,Westover,Ghost Rider: Spirit of Vengeance,Action|Fantasy|Thriller,2:17 AM,10/24/2018,2/18/2020,5
647,Martinyuk,Damn Yankees!,Comedy|Musical,1:21 AM,7/24/2019,4/11/2020,5
648,Firks,Bay of Blood (a.k.a. Twitch of the Death Nerve) (Reazione a catena),Horror,1:05 AM,7/27/2019,2/20/2020,4
649,Mullany,A Justified Life: Sam Peckinpah and the High Country,Documentary,2:22 AM,2/12/2019,5/17/2020,6
650,Nazair,Panic Button,Horror|Thriller,2:25 AM,5/26/2019,7/17/2020,1
651,Kille,"Human Condition II, The (Ningen no joken II)",Drama|War,12:27 AM,5/19/2019,2/15/2020,4
652,Dreossi,12 Years a Slave,Drama,12:22 AM,3/9/2019,1/7/2020,4
653,Richichi,R100,Comedy|Drama,1:04 AM,12/5/2018,3/7/2020,8
654,Euplate,Dog Nail Clipper (Koirankynnenleikkaaja),Drama,1:18 AM,2/21/2019,10/29/2019,5
655,Brugmann,Wrong Turn 5: Bloodlines,Horror|Thriller,1:41 AM,8/14/2019,11/13/2019,5
656,Shellshear,Choking Man,Drama,2:09 AM,1/15/2019,10/16/2019,3
657,Nevins,"Shakiest Gun in the West, The",Comedy|Western,1:59 AM,12/26/2018,9/20/2020,7
658,Rubert,"Lebanon, Pa.",Drama,2:24 AM,1/26/2019,7/19/2020,1
659,Filpo,"Son of Monte Cristo, The",Action|Adventure,2:33 AM,1/28/2019,4/1/2020,8
660,Smalley,One Fine Spring Day (Bomnaleun ganda),Drama,2:48 AM,5/10/2019,9/21/2020,1
661,Barbisch,"Bellboy, The",Comedy,1:58 AM,10/22/2018,11/2/2019,0
662,Regenhardt,The Thirteen Assassins,Action|Adventure,2:51 AM,3/29/2019,11/23/2019,5
663,Peach,Stardust,Drama,12:34 AM,3/15/2019,9/19/2020,4
664,Dorbin,"Safety of Objects, The",Drama,1:14 AM,6/10/2019,6/28/2020,6
665,Chittie,Lawrence of Arabia,Adventure|Drama|War,2:14 AM,4/6/2019,1/31/2020,3
666,Simon,Wheel of Time,Documentary,1:34 AM,7/5/2019,1/8/2020,5
667,Went,"Men, The",Drama,1:40 AM,4/30/2019,11/26/2019,7
668,Duff,Return of the Fly,Horror|Sci-Fi,1:36 AM,10/22/2018,3/21/2020,0
669,Lahive,Jonah Who Will Be 25 in the Year 2000 (Jonas qui aura 25 ans en l'an 2000),Comedy,1:13 AM,8/1/2019,5/2/2020,4
670,Breward,Brain Donors,Comedy,12:08 AM,11/9/2018,2/15/2020,4
671,Tuting,About Cherry,Drama,1:45 AM,4/30/2019,1/12/2020,4
672,Kroon,Prancer,Children|Drama|Fantasy,12:44 AM,6/26/2019,2/7/2020,1
673,Merrgan,Zebra Lounge,Thriller,1:43 AM,4/11/2019,7/19/2020,4
674,Tallyn,After the Rehearsal (Efter repetitionen),Drama,2:09 AM,7/9/2019,7/29/2020,3
675,Margaret,Bey Yaar,Children|Comedy|Drama,2:31 AM,1/15/2019,12/18/2019,9
676,Carass,Pocket Money,Comedy|Western,12:21 AM,12/19/2018,7/6/2020,4
677,Husthwaite,Paul,Adventure|Comedy|Sci-Fi,12:35 AM,7/2/2019,9/14/2020,0
678,Kardos,"Clearing, The",Drama|Thriller,1:09 AM,5/25/2019,9/10/2020,5
679,Pilgrim,Chopper Chicks in Zombietown,Comedy|Horror,12:50 AM,8/16/2019,4/20/2020,1
680,Crayton,Robin Hood,Adventure|Animation|Children|Comedy|Musical,1:43 AM,10/2/2019,11/30/2019,6
681,Ajean,Love Don't Cost a Thing,Drama|Romance,1:01 AM,10/28/2018,11/21/2019,6
682,Linnitt,"Almost Man, The (Mer eller mindre mann)",Comedy|Drama,12:17 AM,8/20/2019,3/26/2020,3
683,Bugby,Lantana,Drama|Mystery|Thriller,12:17 AM,9/27/2019,5/18/2020,7
684,Danilov,Red State,Horror|Thriller,1:22 AM,11/23/2018,1/24/2020,6
685,Stubbings,Obsessed,Crime|Drama|Thriller,12:58 AM,8/17/2019,8/21/2020,1
686,Palumbo,Restless,Drama,2:10 AM,5/3/2019,10/26/2019,8
687,Gartin,"Charter Trip, The (a.k.a. Package Tour, The) (Sällskapsresan)",Comedy,2:16 AM,8/14/2019,8/22/2020,2
688,Haet,Tobacco Road,Comedy|Drama,2:18 AM,12/14/2018,9/10/2020,10
689,Smythin,Don Verdean,Comedy,12:04 AM,11/7/2018,9/8/2020,10
690,Linwood,Stuck in Love,Comedy|Drama|Romance,12:19 AM,2/6/2019,6/9/2020,3
691,Kasting,Dragonwyck,Drama|Mystery|Thriller,1:19 AM,12/30/2018,5/6/2020,10
692,Tregiddo,"Patriot, The",Action|Drama|War,1:40 AM,3/21/2019,11/6/2019,9
693,Grishin,"Littlest Rebel, The",Children|Drama,2:27 AM,11/9/2018,12/9/2019,10
694,Grinaugh,Ana and the Others (Ana y los otros),Drama,2:58 AM,9/25/2019,8/22/2020,5
695,Stonard,"Outside Man, The (Un homme est mort)",Action|Crime|Drama|Thriller,1:55 AM,7/2/2019,6/10/2020,1
696,Gores,Confidence Girl,Crime|Drama|Thriller,12:53 AM,8/14/2019,7/27/2020,8
697,Buzin,"Great Beauty, The (Grande Bellezza, La)",Comedy|Drama,12:36 AM,9/28/2019,2/2/2020,4
698,Mountjoy,"Avengers, The",Action|Adventure|Sci-Fi|IMAX,1:23 AM,9/15/2019,4/28/2020,4
699,Filppetti,"Ugly, Dirty and Bad (Brutti sporchi e cattivi)",Comedy|Drama,1:17 AM,8/1/2019,6/10/2020,7
700,De-Ville,Man in the Saddle,Western,1:10 AM,3/8/2019,12/30/2019,8
701,Phillipps,"Welcome Back, Mr. McDonald (Rajio no jikan)",Comedy,2:41 AM,6/24/2019,4/11/2020,6
702,Baldock,Young Adult,Comedy|Drama,12:49 AM,3/6/2019,8/13/2020,3
703,Attle,Deathtrap,Comedy|Crime|Mystery|Thriller,2:55 AM,4/28/2019,7/10/2020,4
704,Vigneron,Freakin' Beautiful World (Sairaan kaunis maailma),Drama,2:46 AM,11/15/2018,12/14/2019,4
705,Gleave,I Confess,Thriller,2:12 AM,8/15/2019,12/31/2019,10
706,Boadby,Eros,Drama,1:58 AM,1/3/2019,4/28/2020,0
707,Waterstone,"Take Her, She's Mine",Comedy,12:01 AM,11/9/2018,11/25/2019,1
708,Stotherfield,Lost in Austen,Drama|Fantasy|Romance|Sci-Fi,1:43 AM,6/25/2019,6/24/2020,9
709,Whichelow,Adam & Paul,Comedy|Drama,1:03 AM,9/17/2019,12/12/2019,2
710,Sinfield,De la servitude moderne,Documentary,2:22 AM,7/6/2019,11/19/2019,7
711,Brunon,"White Darkness, The",Documentary,1:00 AM,1/7/2019,1/5/2020,2
712,Crebbin,The Magical Legend of the Leprechauns,Adventure|Children|Comedy|Fantasy|Romance,12:49 AM,5/12/2019,6/9/2020,1
713,Millsap,All the Boys Love Mandy Lane,Horror|Mystery|Thriller,1:55 AM,1/5/2019,5/3/2020,6
714,Lockart,"Union, The",Documentary,2:56 AM,2/13/2019,9/11/2020,1
715,Plet,"Evil Dead, The",Fantasy|Horror|Thriller,12:38 AM,5/28/2019,12/7/2019,1
716,Canning,Too Shy to Try (Je suis timide... mais je me soigne),Comedy,12:04 AM,9/21/2019,5/7/2020,1
717,Kolodziej,Family Band: The Cowsills Story ,Documentary,2:58 AM,9/1/2019,3/28/2020,4
718,Nimmo,"Story of Science, The",Documentary,2:22 AM,8/21/2019,10/26/2019,6
719,Rawle,Jet Li's Fearless (Huo Yuan Jia),Action|Drama,12:19 AM,3/6/2019,5/12/2020,8
720,Bellino,Wavelength,Drama,1:02 AM,10/4/2019,4/3/2020,9
721,Joannet,Killer (Tueur à gages),Action|Crime|Thriller,1:14 AM,11/20/2018,10/23/2019,9
722,Goodship,Wings in the Dark,Adventure|Romance,1:46 AM,4/14/2019,7/18/2020,6
723,Seint,Mother (Mat),Drama,2:45 AM,6/9/2019,5/25/2020,2
724,Harrison,Prison Terminal: The Last Days of Private Jack Hall,Crime|Documentary,1:23 AM,12/11/2018,12/25/2019,8
725,Blondell,Shoot to Kill,Action|Adventure,2:23 AM,12/22/2018,4/20/2020,4
726,Daintrey,Thick as Thieves,Crime|Drama,12:10 AM,12/24/2018,5/7/2020,0
727,Rotlauf,"Times of Harvey Milk, The",Documentary,2:51 AM,4/16/2019,8/28/2020,6
728,Wykes,"Center Stage (Ruan Lingyu) (Actress, The) (New China Woman, The)",Drama|Romance,2:57 AM,10/4/2019,9/18/2020,6
729,Motten,Deserter (Dezertir),Drama,12:28 AM,7/5/2019,7/23/2020,8
730,Marzellano,Skellig,Drama|Fantasy|Mystery,1:29 AM,10/15/2018,5/6/2020,2
731,Dunkerly,Like You Know It All (Jal aljido mothamyeonseo),Drama,12:13 AM,6/9/2019,11/22/2019,8
732,Petti,Soft Shell Man (Un crabe dans la tête),Drama|Romance,2:29 AM,2/21/2019,4/15/2020,7
733,Jirusek,"Russians Are Coming, the Russians Are Coming, The",Comedy|War,1:45 AM,3/21/2019,4/25/2020,2
734,Rack,"Yes, Madam (a.k.a. Police Assassins) (a.k.a. In the Line of Duty 2) (Huang gu shi jie)",Action,12:54 AM,10/13/2019,6/22/2020,7
735,Gabb,American Bandits: Frank and Jesse James,Western,12:13 AM,11/19/2018,1/21/2020,3
736,Frenchum,Questioning Darwin,Documentary,1:56 AM,8/15/2019,12/14/2019,9
737,Gooderham,Monsters vs. Aliens,Animation|Sci-Fi|IMAX,2:38 AM,3/10/2019,7/14/2020,4
738,Greasty,Kathleen,Comedy|Drama|Romance,2:59 AM,1/4/2019,6/13/2020,8
739,MacPhaden,Rich in Love,Drama,2:40 AM,7/13/2019,3/19/2020,9
740,Standbrooke,Born to Be Wild,Documentary|IMAX,1:47 AM,10/27/2018,10/31/2019,2
741,Hazlewood,Porgy and Bess,Drama|Musical|Romance,12:17 AM,4/20/2019,6/17/2020,1
742,De Miranda,Last Orders,Drama,12:21 AM,3/15/2019,10/16/2019,6
743,Mounfield,Saving Mr. Banks,Comedy|Drama,12:39 AM,4/5/2019,1/21/2020,1
744,Karpe,Boys Town,Drama,12:14 AM,7/4/2019,4/16/2020,3
745,Burrass,Starship Troopers 3: Marauder,Action|Sci-Fi|War,1:44 AM,12/27/2018,8/4/2020,1
746,Ciccottio,Laid To Rest,Horror,2:32 AM,2/22/2019,1/30/2020,7
747,Danihel,Last Days of Mussolini (Mussolini: Ultimo atto),Drama|War,1:50 AM,5/23/2019,10/19/2019,3
748,Tedahl,"Titfield Thunderbolt, The",Comedy,2:55 AM,12/7/2018,1/7/2020,3
749,Albury,"Swinger, The",Comedy,1:30 AM,5/6/2019,11/5/2019,1
750,Purkins,Christmas Comes but Once a Year,(no genres listed),2:46 AM,7/5/2019,1/9/2020,1
751,Bayle,Expect No Mercy,Action|Sci-Fi,12:55 AM,9/17/2019,11/12/2019,10
752,Rittmeier,"Dark Truth, A (Truth, The)",Drama|Thriller,12:47 AM,5/30/2019,1/7/2020,8
753,Jimes,Thief of Hearts,Drama|Thriller,12:51 AM,5/8/2019,10/16/2019,8
754,Nancarrow,Love Me or Leave Me,Drama|Musical|Romance,12:57 AM,5/28/2019,10/30/2019,9
755,Jaynes,My Bloody Valentine 3-D,Horror|Thriller,12:51 AM,1/4/2019,9/21/2020,0
756,Cearley,Saint Joan,Drama,12:04 AM,6/5/2019,12/20/2019,1
757,Karel,Murder at 1600,Crime|Drama|Mystery|Thriller,2:09 AM,2/4/2019,5/30/2020,7
758,Lloyd-Williams,Kika,Comedy|Drama,2:59 AM,12/17/2018,5/22/2020,10
759,Need,Ernest & Célestine (Ernest et Célestine),Adventure|Animation|Children|Comedy|Drama|Romance,2:55 AM,12/23/2018,4/9/2020,7
760,Ferrieroi,Two Weeks in September,Drama|Romance,1:01 AM,6/1/2019,5/21/2020,6
761,Jee,Tape,Drama,12:48 AM,5/18/2019,2/15/2020,9
762,Broxis,What's Love Got to Do with It?,Drama|Musical,1:53 AM,10/3/2019,12/15/2019,3
763,Lum,"Living Ghost, The",Comedy|Horror|Mystery|Thriller,12:38 AM,2/21/2019,3/8/2020,7
764,Searles,Consuming Spirits,Animation|Comedy|Drama|Mystery,1:55 AM,11/5/2018,2/14/2020,5
765,McSporon,"Over-Eater, The (L'outremangeur)",Crime|Drama,2:17 AM,9/15/2019,10/3/2020,0
766,Vallintine,City of Ember,Adventure|Children|Sci-Fi,12:25 AM,4/29/2019,3/15/2020,8
767,Pankethman,"Truth About Charlie, The",Mystery|Thriller,1:20 AM,11/30/2018,5/8/2020,10
768,Solleme,Grabbers,Comedy|Horror|Sci-Fi,2:41 AM,1/17/2019,9/28/2020,1
769,Ratray,Sharpe's Gold,Action|Adventure|War,1:45 AM,6/13/2019,10/2/2020,9
770,Lamball,Prom Night III: The Last Kiss,Horror,12:23 AM,2/6/2019,9/12/2020,7
771,Murrigan,Good Neighbor Sam,Comedy,2:32 AM,5/30/2019,6/16/2020,4
772,Lifsey,Venus Wars (Venus Senki),Action|Animation|Sci-Fi|War,12:15 AM,12/19/2018,3/27/2020,4
773,Dineges,Offender,Crime|Thriller,2:52 AM,9/10/2019,4/25/2020,8
774,Shiel,Trouble Bound,Action|Comedy,12:34 AM,11/25/2018,3/19/2020,0
775,Pashen,"American Tail, An",Adventure|Animation|Children|Comedy,12:45 AM,11/16/2018,2/24/2020,4
776,Spaule,"Midsummer Night's Dream, A",Comedy|Fantasy|Romance,12:54 AM,5/30/2019,5/20/2020,6
777,Blunderfield,Women of the Night (Yoru no onnatachi),Drama,1:40 AM,10/30/2018,3/22/2020,0
778,MacMenamy,Children of the Corn II: The Final Sacrifice,Horror,12:58 AM,12/1/2018,2/1/2020,1
779,Mochan,Vibrator,Drama,12:50 AM,5/22/2019,6/22/2020,5
780,Gittings,"American Soldier, The (Der amerikanische Soldat)",Drama,1:24 AM,8/23/2019,1/26/2020,7
781,Godding,Once Upon a Warrior (Anaganaga O Dheerudu),Action|Adventure|Fantasy|Musical|Romance,12:14 AM,11/19/2018,2/18/2020,9
782,Kempshall,"Road Home, The (Wo de fu qin mu qin)",Drama|Romance,1:10 AM,6/29/2019,8/14/2020,4
783,Corter,"Core, The",Action|Drama|Sci-Fi|Thriller,2:44 AM,1/21/2019,12/20/2019,9
784,Wildman,Detroit Rock City,Comedy,2:39 AM,9/20/2019,12/6/2019,2
785,Rankmore,Step Up,Drama|Romance,1:32 AM,12/8/2018,9/29/2020,4
786,Blakeborough,Sweetgrass,Adventure|Documentary|Western,2:20 AM,9/7/2019,7/7/2020,6
787,Scholes,Fear,Horror|Thriller,1:14 AM,12/31/2018,5/31/2020,0
788,Eronie,"Patience Stone, The",Drama|War,1:57 AM,7/19/2019,7/24/2020,10
789,Brightling,Raising Victor Vargas,Comedy|Drama|Romance,1:40 AM,11/15/2018,11/2/2019,5
790,Osman,"Molly Maguires, The",Drama,12:23 AM,10/27/2018,4/20/2020,5
791,Adams,Armageddon (Armaguedon),Crime|Thriller,12:04 AM,3/17/2019,1/29/2020,8
792,Shoebridge,Bitch Hug (Bitchkram),Drama,12:29 AM,8/29/2019,9/22/2020,9
793,Downer,Numbskull Emptybrook (Uuno Turhapuro),Comedy,1:40 AM,10/10/2019,3/9/2020,3
794,Hatliffe,"Long Gray Line, The",Drama,12:46 AM,7/17/2019,1/20/2020,3
795,Martinie,"Bay, The",Horror|Sci-Fi|Thriller,1:01 AM,3/11/2019,10/25/2019,6
796,Clawley,Prayers for Bobby,Drama,12:41 AM,2/16/2019,9/13/2020,5
797,Bracknall,Break Up,Thriller,12:53 AM,5/14/2019,8/2/2020,5
798,Tordiffe,"Red Tent, The (Krasnaya palatka)",Adventure|Drama|Fantasy,12:35 AM,10/6/2019,4/21/2020,6
799,Cicchinelli,Sucker Punch,Action|Fantasy|Thriller|IMAX,1:26 AM,9/14/2019,11/22/2019,8
800,Griffitts,Cocktail,Drama|Romance,12:31 AM,7/29/2019,12/5/2019,3
801,Churchlow,Don't Look Back (Ne te retourne pas),Drama|Horror|Mystery|Thriller,1:16 AM,4/9/2019,10/29/2019,10
802,Redding,Fast Food,Comedy,2:26 AM,9/30/2019,2/25/2020,0
803,Peeke,Walk on Water,Drama|Thriller,2:42 AM,4/26/2019,8/27/2020,0
804,Umpleby,"Swan Princess: Escape from Castle Mountain, The",Animation|Children|Fantasy|Romance,12:46 AM,10/9/2019,11/4/2019,4
805,Nix,"Man Called Adam, A",Drama,2:31 AM,6/29/2019,4/4/2020,9
806,Labusch,Borgman,Thriller,1:52 AM,8/1/2019,3/10/2020,2
807,Jeffery,No habrá paz para los malvados,Film-Noir|Thriller,2:50 AM,5/8/2019,1/30/2020,10
808,Saxby,Runaway Jury,Drama|Thriller,12:15 AM,8/29/2019,4/25/2020,3
809,Dahl,"Same River Twice, The",Documentary,1:17 AM,3/9/2019,1/17/2020,6
810,Middler,Zatoichi's Revenge (Zatôichi nidan-kiri) (Zatôichi 10),Action|Drama,1:51 AM,10/21/2018,8/22/2020,7
811,Dollman,"Night Porter, The (Portiere di notte, Il)",Crime|Drama|Romance,12:53 AM,7/20/2019,1/17/2020,8
812,Budik,"Twilight of the Golds, The",Drama,12:49 AM,10/16/2018,4/25/2020,8
813,McCuffie,"Amazing Spider-Man, The",Action|Adventure|Sci-Fi|IMAX,2:51 AM,2/26/2019,9/14/2020,9
814,Sperling,Balto,Adventure|Animation|Children,2:45 AM,4/23/2019,3/4/2020,3
815,Vaskov,Butterfly,Drama,1:11 AM,6/15/2019,12/12/2019,5
816,Price,Flesh Gordon,Adventure|Comedy|Sci-Fi,2:44 AM,12/17/2018,4/13/2020,10
817,Potten,You're Not You,Drama,12:59 AM,4/2/2019,2/13/2020,9
818,Enevold,Liar's Dice,Adventure|Children|Drama,12:57 AM,5/12/2019,3/29/2020,2
819,Normavell,"Ring, The",Horror|Mystery|Thriller,1:40 AM,2/25/2019,10/30/2019,2
820,Ryal,Comfort and Joy,Comedy,12:27 AM,5/11/2019,10/16/2019,6
821,Trehearn,How High,Comedy,12:16 AM,5/19/2019,12/3/2019,3
822,Salliss,"Think Fast, Mr. Moto",Crime|Drama|Mystery|Thriller,2:38 AM,1/15/2019,11/17/2019,0
823,Boler,Capote,Crime|Drama,12:00 AM,11/18/2018,9/30/2020,7
824,Gludor,"Conversation with Gregory Peck, A",Documentary,2:04 AM,5/16/2019,6/10/2020,4
825,Snepp,Irreconcilable Differences,Comedy|Drama|Romance,12:56 AM,7/23/2019,12/8/2019,6
826,MacEnelly,"Monster Club, The",Comedy|Horror,2:52 AM,5/26/2019,3/23/2020,5
827,Oland,Rango,Action|Adventure|Animation|Children|Comedy|Western,1:23 AM,1/8/2019,12/14/2019,8
828,Rousell,Dead of Winter,Horror|Thriller,1:01 AM,4/29/2019,9/30/2020,0
829,Kinglesyd,Rubin and Ed,Comedy|Drama,12:38 AM,1/31/2019,3/9/2020,4
830,Clerk,"Ten Commandments, The",Adventure|Drama,2:56 AM,9/15/2019,2/21/2020,4
831,Cockcroft,Idol of the Crowds,Drama|Romance,12:03 AM,4/20/2019,7/9/2020,9
832,Sowrah,To the Left of the Father (Lavoura Arcaica),Drama,1:23 AM,9/16/2019,3/14/2020,4
833,Hayzer,State Fair,Comedy|Drama|Romance,12:19 AM,6/21/2019,3/14/2020,9
834,Durrant,"Swell Season, The",Documentary|Romance,2:57 AM,8/5/2019,3/15/2020,9
835,McTague,Basic,Drama|Thriller|War,12:13 AM,3/2/2019,8/24/2020,8
836,Croser,Katze im Sack,Drama,2:15 AM,4/15/2019,5/22/2020,5
837,Brumhead,Blade Runner,Action|Sci-Fi|Thriller,12:47 AM,2/19/2019,4/28/2020,10
838,Hayhurst,Forgotten Silver,Comedy|Documentary,12:43 AM,12/31/2018,6/17/2020,7
839,Bromilow,Anacondas: The Hunt for the Blood Orchid,Adventure|Drama|Horror|Sci-Fi|Thriller,2:20 AM,7/16/2019,7/19/2020,0
840,Diego,Dinner for Schmucks,Comedy,12:16 AM,1/8/2019,1/3/2020,0
841,Kearns,"Pursuit of Unhappiness, The (Anleitung zum Unglücklichsein)",Romance,2:12 AM,3/10/2019,1/22/2020,8
842,Entissle,John Adams,Drama,1:01 AM,10/31/2018,6/22/2020,8
843,Evett,No Way to Treat a Lady,Crime|Drama|Thriller,2:17 AM,3/22/2019,1/17/2020,6
844,Eckert,Army Brats (Schatjes!),Children|Comedy,2:00 AM,11/10/2018,7/10/2020,6
845,Twelve,Giuseppe Makes a Movie,Documentary,2:50 AM,7/12/2019,3/28/2020,6
846,Stonebridge,Samurai Rebellion (Jôi-uchi: Hairyô tsuma shimatsu),Action|Drama,1:20 AM,9/20/2019,9/6/2020,5
847,Hardbattle,Alien: Resurrection,Action|Horror|Sci-Fi,2:37 AM,10/9/2019,3/5/2020,4
848,Feechan,Olympia Part One: Festival of the Nations (Olympia 1. Teil - Fest der Völker),Documentary,2:12 AM,5/26/2019,3/24/2020,0
849,Gaylard,Sniper 2,Action|Adventure|War,12:40 AM,3/4/2019,1/20/2020,1
850,Broddle,Le Week-End,Comedy|Drama,2:40 AM,6/25/2019,3/29/2020,6
851,Dashkovich,Glorious Technicolor,Documentary,2:33 AM,4/21/2019,11/23/2019,4
852,Sandbatch,Munchies,Comedy|Horror,12:36 AM,12/26/2018,11/17/2019,8
853,Caine,"Bourne Identity, The",Action|Mystery|Thriller,1:38 AM,5/1/2019,10/24/2019,9
854,Exeter,One Night of Love,Romance,1:52 AM,11/17/2018,8/16/2020,1
855,Jaine,Sintel,Animation|Fantasy,2:19 AM,6/30/2019,6/4/2020,1
856,Jeger,Malibu High,Comedy|Crime,12:43 AM,12/20/2018,2/10/2020,4
857,Russilll,Gummo,Drama,12:29 AM,11/10/2018,6/20/2020,6
858,Keesman,"Crazies, The (a.k.a. Code Name: Trixie)",Action|Drama|Horror|Sci-Fi|Thriller,12:05 AM,11/16/2018,1/10/2020,4
859,Mungin,The Secret of Convict Lake,Western,2:00 AM,8/4/2019,9/30/2020,1
860,Rapley,Wild Zero,Action|Comedy|Horror|Romance|Sci-Fi,2:00 AM,3/7/2019,11/5/2019,8
861,Beccles,Doomed to Die,Crime|Drama|Mystery|Thriller,2:13 AM,7/12/2019,2/9/2020,9
862,Clears,Two-Way Stretch,Comedy|Crime,2:07 AM,11/30/2018,3/27/2020,1
863,Hopkynson,Crime Zone,Action|Film-Noir|Sci-Fi,2:20 AM,12/13/2018,6/24/2020,4
864,Glenton,White Oleander,Drama,2:43 AM,4/10/2019,2/21/2020,4
865,Aslum,On Top of the Whale (Het dak van de Walvis),Fantasy,2:05 AM,6/8/2019,11/22/2019,10
866,Fieldsend,"South, The (Lomalla)",Drama|Thriller,2:47 AM,12/9/2018,2/12/2020,8
867,Shreeve,Assassination Games,Action|Thriller,1:53 AM,2/9/2019,11/21/2019,2
868,Sreenan,"Angel Levine, The",Comedy|Drama,12:58 AM,4/10/2019,4/14/2020,4
869,Hawksby,Cremaster 3,Drama,12:27 AM,1/11/2019,4/18/2020,9
870,Andrelli,"Cry, the Beloved Country",Drama,1:12 AM,12/31/2018,9/4/2020,9
871,Rubens,Guest from the Future (Gostya iz buduschego),Adventure|Drama|Sci-Fi,2:35 AM,10/13/2019,8/21/2020,6
872,Blaszczyk,Bitch Slap,Action|Comedy|Crime|Thriller,1:06 AM,6/4/2019,3/24/2020,1
873,Groveham,Client 9: The Rise and Fall of Eliot Spitzer,Documentary,1:46 AM,4/26/2019,6/20/2020,0
874,Rideout,"Love, Marilyn",Documentary,1:08 AM,6/20/2019,12/9/2019,1
875,Fishwick,Blind Fury,Action|Thriller,1:38 AM,8/2/2019,7/20/2020,5
876,West,Pleasantville,Comedy|Drama|Fantasy,12:58 AM,5/29/2019,7/4/2020,4
877,Greaves,It's Impossible to Learn to Plow by Reading Books,Drama,2:32 AM,9/5/2019,3/26/2020,0
878,Hancorn,"Omen, The",Horror|Thriller,1:59 AM,3/23/2019,7/26/2020,1
879,Jeratt,The Referee,Comedy,12:28 AM,8/23/2019,3/26/2020,2
880,Mapowder,Jim Jefferies: Alcoholocaust,Comedy,12:36 AM,9/30/2019,5/5/2020,9
881,Jayme,Teen Beach Movie,Children|Musical,12:00 AM,6/2/2019,6/10/2020,3
882,Atteridge,Deterrence,Drama|Thriller,2:57 AM,3/4/2019,9/29/2020,3
883,Trail,Breathing Fire,Action,2:15 AM,6/27/2019,9/9/2020,1
884,Lunn,Billy Elliot,Drama,2:30 AM,2/15/2019,10/15/2019,7
885,Milstead,Gigot,Comedy,12:36 AM,5/7/2019,9/19/2020,9
886,Keats,Tuck Everlasting,Drama|Fantasy,2:44 AM,3/14/2019,8/9/2020,5
887,Haizelden,2012: Supernova,Action|Sci-Fi,2:17 AM,11/20/2018,3/25/2020,3
888,Chataignier,Psyhi vathia (a.k.a. Deep Soul),Drama|War,1:06 AM,3/17/2019,2/8/2020,4
889,Drezzer,Effie Gray,Drama,2:59 AM,6/27/2019,8/28/2020,1
890,Floyd,"36th Chamber of Shaolin, The (Shao Lin san shi liu fang) (Master Killer)",Action|Adventure,12:44 AM,1/14/2019,5/6/2020,2
891,Ewens,"Common Wealth (Comunidad, La)",Comedy|Thriller,12:11 AM,3/5/2019,5/4/2020,3
892,Scown,"Impossible, The (Imposible, Lo)",Drama|Thriller,2:13 AM,4/20/2019,4/22/2020,8
893,Aberchirder,My Man (Mon homme),Comedy|Drama|Romance,1:56 AM,5/3/2019,1/2/2020,4
894,Comberbeach,ThanksKilling 3 ,Comedy|Horror,12:58 AM,2/28/2019,11/17/2019,2
895,Millier,Operation Mad Ball,Comedy|War,1:45 AM,3/28/2019,11/1/2019,5
896,Squirrell,Elvis and Anabelle,Drama|Romance,2:31 AM,1/3/2019,2/16/2020,4
897,Gainforth,Fuck Up,Comedy|Crime|Drama,1:57 AM,1/7/2019,10/22/2019,5
898,Venners,Guantanamera,Comedy,1:48 AM,10/27/2018,10/4/2020,2
899,Filppetti,Confessions of a Teenage Drama Queen,Comedy,12:34 AM,7/16/2019,2/11/2020,7
900,Mulderrig,Tyler Perry's Meet the Browns,Comedy|Drama|Romance,2:51 AM,5/8/2019,1/23/2020,8
901,MacAiline,My Week with Marilyn,Drama,2:15 AM,9/4/2019,11/22/2019,9
902,Idale,Hiroshima Mon Amour,Drama|Romance|War,12:04 AM,3/24/2019,3/12/2020,10
903,Grimbaldeston,Sophie's Choice,Drama,2:41 AM,8/30/2019,4/21/2020,0
904,Geach,Pusher II: With Blood on My Hands,Action|Crime|Drama|Thriller,2:53 AM,10/3/2019,2/8/2020,5
905,Willoughby,Gabriel Over the White House,Drama|Fantasy|Romance,2:22 AM,2/3/2019,8/6/2020,9
906,Basant,Fat People (Gordos),Comedy,1:05 AM,5/28/2019,4/19/2020,3
907,Garretson,Tiger Eyes,Drama,2:45 AM,7/8/2019,2/5/2020,9
908,Sinyard,Amarcord,Comedy|Drama,1:30 AM,9/19/2019,4/18/2020,9
909,Hafner,Winnie the Pooh,Animation|Children|Comedy,2:09 AM,9/4/2019,4/22/2020,2
910,Philler,Silverado,Action|Western,1:51 AM,12/7/2018,5/14/2020,9
911,Phillot,Virus,Horror|Sci-Fi,12:35 AM,7/16/2019,4/3/2020,4
912,Dore,Freaks,Crime|Drama|Horror,12:51 AM,11/10/2018,6/22/2020,4
913,Laxe,Dawn of the Dead,Action|Drama|Horror|Thriller,2:38 AM,1/3/2019,5/2/2020,9
914,Goslin,Revenge for Jolly!,Comedy|Drama,1:22 AM,5/1/2019,2/29/2020,5
915,Helks,Werewolves on Wheels,Horror,2:55 AM,10/23/2018,2/9/2020,3
916,Jardein,Coming Down the Mountain,Drama,2:09 AM,5/20/2019,3/15/2020,7
917,Doe,Cosas que nunca te dije (Things I Never Told You),Comedy|Drama|Romance,1:16 AM,5/7/2019,3/7/2020,6
918,Atwel,Hands Over the City (Le mani sulla città),Drama,1:49 AM,3/9/2019,1/16/2020,9
919,Kalewe,Brainscan,Comedy|Horror|Sci-Fi|Thriller,2:48 AM,8/18/2019,3/23/2020,10
920,Besantie,Screwed in Tallinn (Torsk på Tallinn - En liten film om ensamhet),Comedy|Drama,12:33 AM,7/8/2019,4/2/2020,2
921,Iveagh,"Big Hangover, The",Comedy,1:50 AM,2/11/2019,3/18/2020,1
922,Blakeman,Morphia (Morfiy),Drama,12:19 AM,1/1/2019,2/25/2020,6
923,Dyott,Hammer of the Gods,Action,2:40 AM,2/8/2019,1/4/2020,5
924,Chilcotte,Crumb,Documentary,12:36 AM,11/23/2018,2/16/2020,0
925,McGoogan,"Organization, The",Crime|Drama|Thriller,12:21 AM,10/12/2019,3/20/2020,1
926,Kittles,In Order of Disappearance (Kraftidioten),Action|Comedy|Crime|Thriller,2:11 AM,5/7/2019,3/3/2020,0
927,Tuting,American Buffalo,Crime|Drama,12:14 AM,10/24/2018,3/24/2020,4
928,Geibel,Zero,Drama,2:45 AM,1/11/2019,8/23/2020,9
929,Vasse,"Keys to the House, The (Chiavi di casa, Le)",Drama,1:23 AM,7/30/2019,4/16/2020,7
930,Plewman,C.R.A.Z.Y.,Drama,12:54 AM,7/30/2019,4/10/2020,3
931,Lindsell,Nobody,Comedy,2:02 AM,3/11/2019,10/20/2019,2
932,Shepland,Eternity and a Day (Mia aoniotita kai mia mera),Drama,2:04 AM,11/29/2018,7/1/2020,3
933,Wattam,Played,Crime|Thriller,2:15 AM,8/29/2019,8/3/2020,2
934,Stitt,Jailbait,Crime|Drama|Thriller,2:46 AM,11/2/2018,8/23/2020,6
935,Heyns,Louis Theroux: Law & Disorder,Documentary,2:29 AM,11/7/2018,10/25/2019,7
936,MacKilroe,Someone to Watch Over Me,Action|Crime|Thriller,12:36 AM,5/25/2019,6/2/2020,10
937,Downgate,"Page of Madness, A (Kurutta ippêji)",Drama|Horror,2:09 AM,10/23/2018,4/3/2020,6
938,Godwyn,The Fuller Brush Man,Adventure|Comedy,2:06 AM,6/14/2019,2/8/2020,6
939,Cordey,Die! Die! My Darling! (Fanatic),Horror|Thriller,1:35 AM,10/28/2018,1/2/2020,0
940,Kester,Lost in Siberia (Ausgerechnet Sibirien),Comedy|Drama,1:58 AM,10/25/2018,8/20/2020,1
941,Beardsworth,"Inspectors, The",Crime|Mystery,1:21 AM,1/15/2019,1/17/2020,10
942,Garvagh,Even Cowgirls Get the Blues,Comedy|Romance,1:18 AM,2/23/2019,2/23/2020,5
943,Dunkinson,"Masseurs and a Woman, The (Anma to onna)",Drama,1:11 AM,1/22/2019,11/12/2019,6
944,Bonick,1066,Action|Adventure|War,2:35 AM,1/31/2019,12/22/2019,6
945,Noice,Into the West,Adventure|Children,12:24 AM,12/3/2018,11/9/2019,4
946,Zukierman,Rock 'n' Roll Nightmare,Fantasy|Horror,1:28 AM,8/31/2019,11/30/2019,0
947,Deeson,Copying Beethoven,Drama|Musical,12:40 AM,12/26/2018,6/17/2020,4
948,Nother,Full Body Massage,Drama,12:17 AM,7/7/2019,2/7/2020,10
949,Greenless,Serrallonga,Adventure|Drama,12:33 AM,9/23/2019,8/19/2020,10
950,Sherington,Coco Before Chanel (Coco avant Chanel),Drama,12:42 AM,9/21/2019,10/16/2019,2
951,Renshell,Story of a Love Affair (Cronaca di un amore),Crime|Drama|Romance,2:05 AM,7/18/2019,6/20/2020,5
952,Jaume,Paradise Lost 3: Purgatory,Documentary,2:04 AM,10/13/2019,8/4/2020,9
953,Cacacie,"End of America, The",Documentary,2:49 AM,3/31/2019,5/18/2020,2
954,Guillem,My Best Fiend (Mein liebster Feind),Documentary,12:25 AM,10/5/2019,4/20/2020,8
955,Claussen,Soul Men,Comedy|Musical,12:15 AM,7/20/2019,2/12/2020,4
956,Gonnely,"Defender, The",Action,1:55 AM,4/20/2019,4/12/2020,2
957,Heberden,"Garden of Words, The (Koto no ha no niwa)",Animation|Romance,2:39 AM,2/14/2019,9/17/2020,7
958,Itzik,Trust,Drama|Thriller,12:08 AM,3/3/2019,3/18/2020,10
959,Stidson,Hesher,Drama,1:03 AM,2/3/2019,4/8/2020,8
960,Szwandt,Charlie Chan in Honolulu,Comedy|Crime|Horror|Mystery|Thriller,12:34 AM,7/1/2019,6/16/2020,10
961,Mazdon,Maid to Order,Comedy|Fantasy,12:27 AM,2/5/2019,3/12/2020,0
962,Spellecy,Jesus Henry Christ,Comedy,2:28 AM,1/9/2019,9/1/2020,7
963,Reimer,Captain Kidd,Action|Adventure|Drama,1:36 AM,7/4/2019,11/17/2019,8
964,Masselin,Yankee Doodle Dandy,Drama|Musical,1:29 AM,1/22/2019,6/8/2020,2
965,Rickards,"Benchwarmers, The",Comedy,1:16 AM,3/12/2019,2/28/2020,7
966,Heatlie,Lies My Father Told Me,Children|Drama,2:06 AM,12/14/2018,2/18/2020,3
967,Todaro,One Mile Away,Documentary,12:05 AM,3/30/2019,5/29/2020,3
968,Cronin,My Beautiful Laundrette,Drama|Romance,12:08 AM,4/4/2019,10/4/2020,9
969,Stidever,Two Weeks in Another Town,Drama,12:08 AM,3/18/2019,10/1/2020,7
970,Morville,Ordinary People,Drama,1:26 AM,10/1/2019,8/25/2020,3
971,Christal,Combat Shock,Drama|Horror|War,12:19 AM,12/10/2018,3/12/2020,6
972,Weblin,Alvin and the Chipmunks,Children|Comedy,12:58 AM,2/7/2019,5/16/2020,2
973,Robertis,"Con, The",Comedy|Crime,2:17 AM,9/13/2019,9/3/2020,3
974,Ions,The Fountain,Comedy,1:01 AM,11/13/2018,8/18/2020,3
975,Bridge,Sparrows Dance,Drama|Romance,1:34 AM,9/24/2019,3/12/2020,0
976,Giotto,It Happened at the World's Fair,Comedy|Drama|Musical,1:22 AM,11/8/2018,6/26/2020,2
977,Crispin,From Hell,Crime|Horror|Mystery|Thriller,1:01 AM,8/5/2019,12/14/2019,2
978,Pheasey,Stand Off,Comedy|Drama,1:46 AM,9/19/2019,8/27/2020,0
979,Tather,"Lonely Wife, The (Charulata)",Drama|Romance,1:42 AM,9/18/2019,3/27/2020,9
980,Leader,"Way of the Gun, The",Crime|Thriller,12:55 AM,3/3/2019,12/1/2019,4
981,Warry,There Be Dragons,Drama|War,12:20 AM,8/8/2019,2/15/2020,9
982,Marsham,Sexy Baby,Documentary,2:07 AM,1/20/2019,9/14/2020,3
983,Cattlow,Eye for an Eye,(no genres listed),2:16 AM,11/23/2018,11/9/2019,1
984,Kacheller,The Pacific,Action|Adventure|Drama|War,12:52 AM,1/24/2019,9/5/2020,7
985,McGeachey,The Universe of Keith Haring,Documentary,2:30 AM,12/8/2018,11/13/2019,5
986,Spurrett,Sympathy for Delicious,Drama,12:18 AM,11/20/2018,7/21/2020,5
987,Emanuel,"Thief of Bagdad, The",Action|Adventure|Fantasy,1:20 AM,1/29/2019,9/8/2020,9
988,Pisculli,"Gnome-Mobile, The",Adventure|Children|Fantasy|Musical,1:42 AM,5/30/2019,3/14/2020,0
989,Wait,Bugsy,Crime|Drama,12:47 AM,7/19/2019,12/30/2019,10
990,Bebis,"Adventures of Huck Finn, The",Adventure|Children|Comedy|Drama,12:45 AM,10/30/2018,3/8/2020,7
991,Fryman,House of 1000 Corpses,Horror,2:28 AM,9/23/2019,3/27/2020,1
992,Learmond,"2 Fast 2 Furious (Fast and the Furious 2, The)",Action|Crime|Thriller,2:47 AM,9/21/2019,8/16/2020,7
993,Tierny,Flesh & Blood,Action|Adventure|Drama|War,2:08 AM,3/17/2019,3/18/2020,8
994,Barnwell,On Tour (Tournée),Comedy|Drama,2:38 AM,1/13/2019,5/1/2020,0
995,Delucia,"Saimaa Gesture, The (Saimaa-ilmiö)",Documentary,1:40 AM,2/17/2019,9/25/2020,9
996,Remmers,When Ladies Meet,Comedy|Drama|Romance,12:22 AM,10/20/2018,2/15/2020,5
997,Shaefer,4:44 Last Day on Earth,Drama|Fantasy|Sci-Fi,12:59 AM,7/13/2019,9/6/2020,0
998,Olczyk,A mí las mujeres ni fu ni fa,Comedy|Musical,1:55 AM,6/1/2019,3/22/2020,1
999,Morrill,Twenty-Four Eyes (Nijûshi no hitomi),Drama,1:19 AM,9/18/2019,3/12/2020,0
1000,Kensington,The Suspended Step of the Stork,Drama|Romance,12:01 AM,2/18/2019,11/25/2019,10
