id,firstName,lastName,userName,male
1,Rianon,Eshmade,reshmade0,Female
2,Sula,Gaze,sgaze1,Female
3,Atalanta,De Souza,adesouza2,Female
4,Pierrette,Guage,pguage3,Female
5,Slade,Kerswill,skerswill4,Male
6,Goldy,Dreng,gdreng5,Female
7,Banky,Mifflin,bmifflin6,Male
8,Ebonee,Greenacre,egreenacre7,Female
9,Kevyn,Hubbocks,khubbocks8,Female
10,Stephen,MacGilmartin,smacgilmartin9,Male
11,Dean,Styant,dstyanta,Male
12,Skipton,Biglin,sbiglinb,Male
13,Jenica,Robarts,jrobartsc,Female
14,Briggs,Ney,bneyd,Male
15,Nikos,Boate,nboatee,Male
16,Ame,Bulstrode,abulstrodef,Female
17,Ray,Finn,rfinng,Male
18,Almeta,Dies,adiesh,Female
19,Kris,Bachelor,kbachelori,Female
20,Amory,Fonteyne,afonteynej,Male
21,Ingelbert,Dillaway,idillawayk,Male
22,Wilton,Weiss,wweissl,Male
23,Jamey,Simyson,jsimysonm,Male
24,Neala,Ivanchikov,nivanchikovn,Female
25,Putnem,Cutforth,pcutfortho,Male
26,Bradford,Sworne,bswornep,Male
27,Thain,Tampin,ttampinq,Male
28,Bran,Burree,bburreer,Male
29,Cecilius,Poltone,cpoltones,Male
30,Tyler,Bernardy,tbernardyt,Male
31,Cazzie,Worg,cworgu,Male
32,Denny,Diboll,ddibollv,Female
33,Nissy,Ewen,newenw,Female
34,Herby,Barratt,hbarrattx,Male
35,Bronny,Cahill,bcahilly,Male
36,Tadeas,Venners,tvennersz,Male
37,Chip,Whitticks,cwhitticks10,Male
38,Eddy,Road,eroad11,Male
39,Risa,Forrest,rforrest12,Female
40,Smith,Coyish,scoyish13,Male
41,Tadeo,Crannach,tcrannach14,Male
42,Sarena,Trinkwon,strinkwon15,Female
43,Kimmy,Pearman,kpearman16,Female
44,Josy,Eames,jeames17,Female
45,Peter,Lismer,plismer18,Male
46,Candida,Cromwell,ccromwell19,Female
47,Leilah,Coleby,lcoleby1a,Female
48,Belia,Gale,bgale1b,Female
49,Marlie,Sumpter,msumpter1c,Female
50,Isidoro,Panswick,ipanswick1d,Male
51,Marjie,Allitt,mallitt1e,Female
52,Kile,Vezey,kvezey1f,Male
53,Rogers,Tearle,rtearle1g,Male
54,Paolina,Denniston,pdenniston1h,Female
55,Gardy,Delmage,gdelmage1i,Male
56,Issie,Shoveller,ishoveller1j,Female
57,Booth,Baldazzi,bbaldazzi1k,Male
58,Loise,Brent,lbrent1l,Female
59,Anallese,Krammer,akrammer1m,Female
60,Carma,Colthard,ccolthard1n,Female
61,Nataniel,Stut,nstut1o,Male
62,Fiann,Bushell,fbushell1p,Female
63,Trumann,Wyldish,twyldish1q,Male
64,Isa,Pasticznyk,ipasticznyk1r,Male
65,Rayner,Morden,rmorden1s,Male
66,Boote,Walburn,bwalburn1t,Male
67,Hamid,Towns,htowns1u,Male
68,Anet,Ziehms,aziehms1v,Female
69,Yevette,Fairpo,yfairpo1w,Female
70,Erinna,Bletcher,ebletcher1x,Female
71,Tracy,Starten,tstarten1y,Male
72,Erv,Geekie,egeekie1z,Male
73,Weidar,Joubert,wjoubert20,Male
74,Nicola,Phear,nphear21,Male
75,Barde,Cleeve,bcleeve22,Male
76,Meredith,Cosh,mcosh23,Male
77,Angel,McSherry,amcsherry24,Female
78,Murvyn,Fuge,mfuge25,Male
79,Ettie,Vlasyuk,evlasyuk26,Female
80,Silvia,Leblanc,sleblanc27,Female
81,Chariot,Sorrie,csorrie28,Male
82,Sancho,Issard,sissard29,Male
83,Wilbert,Duggen,wduggen2a,Male
84,Craggy,Posselt,cposselt2b,Male
85,Wilton,Vokes,wvokes2c,Male
86,Petrina,Bank,pbank2d,Female
87,Dane,Shafier,dshafier2e,Male
88,Tudor,Vane,tvane2f,Male
89,Jewel,Mathwin,jmathwin2g,Female
90,Lennie,Lorence,llorence2h,Male
91,Bab,Duding,bduding2i,Female
92,Consalve,Jeanin,cjeanin2j,Male
93,Conn,Mattia,cmattia2k,Male
94,Jase,Froude,jfroude2l,Male
95,Debby,Whiten,dwhiten2m,Female
96,Broderick,Yepiskopov,byepiskopov2n,Male
97,Jareb,Fortesquieu,jfortesquieu2o,Male
98,Jonah,Koles,jkoles2p,Male
99,Helena,Bubbings,hbubbings2q,Female
100,Cinda,Rawe,crawe2r,Female
101,Alejoa,Berfoot,aberfoot2s,Male
102,Hernando,Livezley,hlivezley2t,Male
103,Paulette,Brendish,pbrendish2u,Female
104,Hannie,Dobrovolski,hdobrovolski2v,Female
105,Fair,Johl,fjohl2w,Male
106,Louella,Spriggin,lspriggin2x,Female
107,Fionnula,MacKay,fmackay2y,Female
108,Woodrow,Maior,wmaior2z,Male
109,Germana,Scaplehorn,gscaplehorn30,Female
110,Wilt,Puvia,wpuvia31,Male
111,Berny,Yushkin,byushkin32,Male
112,Husein,Gerrelt,hgerrelt33,Male
113,Chickie,Peschke,cpeschke34,Male
114,Rupert,Hastewell,rhastewell35,Male
115,Nichol,Linnane,nlinnane36,Female
116,Patrizio,Bagley,pbagley37,Male
117,Mandi,Mugg,mmugg38,Female
118,Averyl,Giroldo,agiroldo39,Female
119,Kari,Villa,kvilla3a,Female
120,Edith,Jeacop,ejeacop3b,Female
121,Keely,Iacovides,kiacovides3c,Female
122,Kanya,Manus,kmanus3d,Female
123,Bent,Cammacke,bcammacke3e,Male
124,Hamel,Feldberg,hfeldberg3f,Male
125,Barbaraanne,Tink,btink3g,Female
126,Rozina,Dunphie,rdunphie3h,Female
127,Chadd,Stenett,cstenett3i,Male
128,Junina,Looby,jlooby3j,Female
129,Corette,Fippe,cfippe3k,Female
130,Lesley,Petrakov,lpetrakov3l,Female
131,Leelah,Cron,lcron3m,Female
132,Shay,Jumonet,sjumonet3n,Female
133,Jere,Revey,jrevey3o,Male
134,Pauli,Hagyard,phagyard3p,Female
135,Win,Moorcroft,wmoorcroft3q,Male
136,Jessie,Cudd,jcudd3r,Female
137,Benedict,Domange,bdomange3s,Male
138,Benedikta,Eltringham,beltringham3t,Female
139,Aldon,Rawstron,arawstron3u,Male
140,Fitz,Maunders,fmaunders3v,Male
141,Shaine,Abramamovh,sabramamovh3w,Female
142,Karine,Pilsbury,kpilsbury3x,Female
143,Tades,Eadmeades,teadmeades3y,Male
144,Ronny,Oret,roret3z,Male
145,Karoly,Chittenden,kchittenden40,Female
146,Veronika,Keysel,vkeysel41,Female
147,Valina,Lett,vlett42,Female
148,Caitrin,Beagan,cbeagan43,Female
149,Glen,Millyard,gmillyard44,Male
150,Ewart,Craythorn,ecraythorn45,Male
151,Amargo,Bassford,abassford46,Female
152,Lisette,Gillbard,lgillbard47,Female
153,Sean,Bewley,sbewley48,Male
154,Lyndsay,Kew,lkew49,Female
155,Alvera,Nathan,anathan4a,Female
156,Pavel,Le feuvre,plefeuvre4b,Male
157,Corella,Dunbleton,cdunbleton4c,Female
158,Victor,Ferrant,vferrant4d,Male
159,Auguste,Sagg,asagg4e,Female
160,Tilly,Athersmith,tathersmith4f,Female
161,Dar,Sudell,dsudell4g,Male
162,Lisha,Wildin,lwildin4h,Female
163,Ema,Petrovykh,epetrovykh4i,Female
164,Ward,Pack,wpack4j,Male
165,Christy,Aulsford,caulsford4k,Male
166,Calypso,Doerrling,cdoerrling4l,Female
167,Chrotoem,Praundl,cpraundl4m,Male
168,Marris,Mandifield,mmandifield4n,Female
169,Pascal,Flewan,pflewan4o,Male
170,Dannel,Willows,dwillows4p,Male
171,Bonnie,Maseyk,bmaseyk4q,Female
172,Darell,Willerton,dwillerton4r,Female
173,Marie,Scoggan,mscoggan4s,Female
174,Alecia,Boultwood,aboultwood4t,Female
175,Chancey,Lurriman,clurriman4u,Male
176,Sue,Sturman,ssturman4v,Female
177,Gibb,Tokell,gtokell4w,Male
178,My,Drains,mdrains4x,Male
179,Phillis,Sherar,psherar4y,Female
180,Priscella,Dilworth,pdilworth4z,Female
181,Cyndie,Barmadier,cbarmadier50,Female
182,Mair,Jochanany,mjochanany51,Female
183,Ray,Arnaldo,rarnaldo52,Female
184,Meghann,Gibbings,mgibbings53,Female
185,Orelle,Richardeau,orichardeau54,Female
186,Miltie,Soltan,msoltan55,Male
187,Geordie,Paynton,gpaynton56,Male
188,Amie,Orlton,aorlton57,Female
189,Keefe,Moffett,kmoffett58,Male
190,Cesya,Tolson,ctolson59,Female
191,Sergio,Hember,shember5a,Male
192,Fran,Mackett,fmackett5b,Male
193,Janaye,Merrydew,jmerrydew5c,Female
194,Donica,Gresty,dgresty5d,Female
195,Oriana,Tarney,otarney5e,Female
196,Lindy,Spincks,lspincks5f,Female
197,Vittoria,Brimmacombe,vbrimmacombe5g,Female
198,Gardner,Stoeckle,gstoeckle5h,Male
199,Gusti,Robiou,grobiou5i,Female
200,Dore,Younghusband,dyounghusband5j,Male
201,Fallon,Saberton,fsaberton5k,Female
202,Calhoun,Ambrose,cambrose5l,Male
203,Ingrid,Bangiard,ibangiard5m,Female
204,Herman,Ubsdale,hubsdale5n,Male
205,Leighton,Chansonne,lchansonne5o,Male
206,Joline,Sheering,jsheering5p,Female
207,Suki,Pascow,spascow5q,Female
208,Berkeley,Michael,bmichael5r,Male
209,Vassily,Deabill,vdeabill5s,Male
210,Rourke,Walpole,rwalpole5t,Male
211,Datha,Barrott,dbarrott5u,Female
212,Shelbi,Denington,sdenington5v,Female
213,Webster,Mapledoram,wmapledoram5w,Male
214,Kevin,Trayhorn,ktrayhorn5x,Male
215,Raynard,Laste,rlaste5y,Male
216,Lonni,Beckham,lbeckham5z,Female
217,Michelle,Diche,mdiche60,Female
218,Micky,Basire,mbasire61,Female
219,Mindy,Goodridge,mgoodridge62,Female
220,Clim,Detloff,cdetloff63,Male
221,Egon,Parnby,eparnby64,Male
222,Bank,Ruddle,bruddle65,Male
223,Marlene,Okenden,mokenden66,Female
224,Elianore,Waight,ewaight67,Female
225,Raddie,Sellick,rsellick68,Male
226,Drugi,Lote,dlote69,Male
227,Odey,Gouldstraw,ogouldstraw6a,Male
228,Corina,Machans,cmachans6b,Female
229,Archer,Camolli,acamolli6c,Male
230,Rafaello,Casacchia,rcasacchia6d,Male
231,Rogerio,Davitti,rdavitti6e,Male
232,Morgan,Eckford,meckford6f,Male
233,Michaelina,Mawby,mmawby6g,Female
234,Aida,Gready,agready6h,Female
235,Gracia,Kiernan,gkiernan6i,Female
236,Farleigh,Tanby,ftanby6j,Male
237,Randall,Lowth,rlowth6k,Male
238,Ryley,Lugton,rlugton6l,Male
239,Pepe,Hazell,phazell6m,Male
240,Ricki,Cutts,rcutts6n,Female
241,Dallas,Roiz,droiz6o,Female
242,Cyrill,MacDunleavy,cmacdunleavy6p,Male
243,Averell,Ogley,aogley6q,Male
244,Kathleen,Gladding,kgladding6r,Female
245,Lutero,Robinet,lrobinet6s,Male
246,Ilene,Ollcott,iollcott6t,Female
247,Honey,Abbate,habbate6u,Female
248,Alyce,Tommeo,atommeo6v,Female
249,Scott,Baake,sbaake6w,Male
250,Ezmeralda,Carlin,ecarlin6x,Female
251,Marsiella,Fantini,mfantini6y,Female
252,Kelcie,Dyde,kdyde6z,Female
253,Grantley,Rives,grives70,Male
254,Augustina,Boston,aboston71,Female
255,Roy,Baalham,rbaalham72,Male
256,Boyce,Pawlyn,bpawlyn73,Male
257,Denys,Hearst,dhearst74,Female
258,Delinda,Olivia,dolivia75,Female
259,Felike,Kermitt,fkermitt76,Male
260,Cleve,Clell,cclell77,Male
261,Eadie,Ewin,eewin78,Female
262,Cori,Hafner,chafner79,Male
263,Chrissy,Sapey,csapey7a,Female
264,Danni,MacNeil,dmacneil7b,Female
265,Xever,Spellward,xspellward7c,Male
266,Jeremie,Redsull,jredsull7d,Male
267,Norina,Teek,nteek7e,Female
268,Prescott,Le Fleming,plefleming7f,Male
269,Rosita,Renad,rrenad7g,Female
270,Benita,Hullbrook,bhullbrook7h,Female
271,Ophelie,Chestle,ochestle7i,Female
272,Dayle,Mowsdale,dmowsdale7j,Female
273,Janel,Ivermee,jivermee7k,Female
274,Johnette,Jakubovsky,jjakubovsky7l,Female
275,Linn,Duddan,lduddan7m,Male
276,Rosaline,McNamara,rmcnamara7n,Female
277,Shay,Matteoli,smatteoli7o,Female
278,Roz,Cohrs,rcohrs7p,Female
279,Charmion,Jellicorse,cjellicorse7q,Female
280,Rolfe,Folkard,rfolkard7r,Male
281,Rosetta,Fennick,rfennick7s,Female
282,Glynnis,Willmott,gwillmott7t,Female
283,Natty,Bolsover,nbolsover7u,Male
284,Cletis,Brydson,cbrydson7v,Male
285,Dedie,Babington,dbabington7w,Female
286,Jillian,Dunbobin,jdunbobin7x,Female
287,Linoel,Stachini,lstachini7y,Male
288,Lela,Elliott,lelliott7z,Female
289,Frederico,Briant,fbriant80,Male
290,Carlie,MacElane,cmacelane81,Male
291,Franklyn,Gebb,fgebb82,Male
292,Bianka,Jeays,bjeays83,Female
293,Magnum,Myott,mmyott84,Male
294,Patty,Keenlayside,pkeenlayside85,Male
295,Micky,Espinay,mespinay86,Male
296,Ilene,Guyers,iguyers87,Female
297,Arthur,Domleo,adomleo88,Male
298,Colan,Myring,cmyring89,Male
299,Vick,Creak,vcreak8a,Male
300,Barry,Aartsen,baartsen8b,Male
301,Leif,Ayshford,layshford8c,Male
302,Walden,O'Henecan,wohenecan8d,Male
303,Bentlee,Leblanc,bleblanc8e,Male
304,Kirbie,Aitken,kaitken8f,Female
305,Trev,Liccardi,tliccardi8g,Male
306,Gunilla,McKnockiter,gmcknockiter8h,Female
307,Cassy,Maria,cmaria8i,Female
308,Dmitri,Bezarra,dbezarra8j,Male
309,Norene,Coffey,ncoffey8k,Female
310,Lanie,Bohlje,lbohlje8l,Female
311,Gypsy,Hazael,ghazael8m,Female
312,Eleanor,St. Clair,estclair8n,Female
313,Simon,Bramwell,sbramwell8o,Male
314,Lilly,Butland,lbutland8p,Female
315,Willy,Gerholz,wgerholz8q,Male
316,Winne,Huddlestone,whuddlestone8r,Female
317,Ban,Templeton,btempleton8s,Male
318,Sayre,Massie,smassie8t,Female
319,Selia,Blaxill,sblaxill8u,Female
320,Roldan,Willoughway,rwilloughway8v,Male
321,Gareth,Fotitt,gfotitt8w,Male
322,Shirlene,Baldini,sbaldini8x,Female
323,Charyl,Oleszczak,coleszczak8y,Female
324,Amelia,Bartolomeazzi,abartolomeazzi8z,Female
325,Denni,Fenty,dfenty90,Female
326,Ed,Horstead,ehorstead91,Male
327,Lottie,Fulker,lfulker92,Female
328,Zabrina,Espinel,zespinel93,Female
329,Garth,Fayne,gfayne94,Male
330,Lester,McClintock,lmcclintock95,Male
331,Yale,Dorrian,ydorrian96,Male
332,Cassandre,von Hagt,cvonhagt97,Female
333,Auberon,Cothey,acothey98,Male
334,Bonny,Wanka,bwanka99,Female
335,Emera,Ziem,eziem9a,Female
336,Haleigh,Stuart,hstuart9b,Male
337,Dacey,Killner,dkillner9c,Female
338,Nancie,Fieldhouse,nfieldhouse9d,Female
339,Minta,Mattke,mmattke9e,Female
340,Hana,Salvadori,hsalvadori9f,Female
341,Valida,Gabriely,vgabriely9g,Female
342,Fionnula,Bagworth,fbagworth9h,Female
343,Clevey,Canelas,ccanelas9i,Male
344,Ema,Badwick,ebadwick9j,Female
345,Staffard,Coupe,scoupe9k,Male
346,Quentin,Rentilll,qrentilll9l,Male
347,Marshal,Beatey,mbeatey9m,Male
348,Bancroft,Yter,byter9n,Male
349,Carlyle,Cristofalo,ccristofalo9o,Male
350,Gabi,Weatherell,gweatherell9p,Female
351,Kris,Yven,kyven9q,Female
352,Alisander,Garred,agarred9r,Male
353,Eliot,Prosser,eprosser9s,Male
354,Isa,Althorpe,ialthorpe9t,Female
355,Burg,Stelljes,bstelljes9u,Male
356,Maxi,Shea,mshea9v,Female
357,Iona,Cassells,icassells9w,Female
358,Jaymie,Edwicker,jedwicker9x,Male
359,Ninette,Cankett,ncankett9y,Female
360,Rafa,Pobjay,rpobjay9z,Female
361,Shannan,Stembridge,sstembridgea0,Male
362,Demetris,Hinsch,dhinscha1,Male
363,Ruprecht,Novello,rnovelloa2,Male
364,Vincenty,Torrie,vtorriea3,Male
365,Anthony,Richford,arichforda4,Male
366,Zebadiah,Byars,zbyarsa5,Male
367,Sheila-kathryn,Wenderott,swenderotta6,Female
368,Zachariah,Deboick,zdeboicka7,Male
369,Clyve,Pierpoint,cpierpointa8,Male
370,Linn,Paviour,lpavioura9,Female
371,Christy,Quilliam,cquilliamaa,Male
372,Layla,Mylechreest,lmylechreestab,Female
373,Eugenius,Kezar,ekezarac,Male
374,Sigismond,Le Surf,slesurfad,Male
375,Alessandro,Summergill,asummergillae,Male
376,Raffaello,Paolo,rpaoloaf,Male
377,Dew,Cattel,dcattelag,Male
378,Susann,Slyman,sslymanah,Female
379,Gertrude,Kenworthey,gkenwortheyai,Female
380,Verney,Swansborough,vswansboroughaj,Male
381,Lia,Grayne,lgrayneak,Female
382,Stearne,Richmont,srichmontal,Male
383,Whit,Beal,wbealam,Male
384,Rochella,Johanssen,rjohanssenan,Female
385,Tobie,Pignon,tpignonao,Male
386,Latia,Abbe,labbeap,Female
387,Kellyann,Hatherall,khatherallaq,Female
388,Kelsey,Sharman,ksharmanar,Male
389,Saunderson,Lune,sluneas,Male
390,Dagmar,Calderonello,dcalderonelloat,Female
391,Romonda,Kewish,rkewishau,Female
392,Cati,Vasnev,cvasnevav,Female
393,Bartholomeus,Pask,bpaskaw,Male
394,Nev,Crux,ncruxax,Male
395,Olimpia,Cardenas,ocardenasay,Female
396,Merilee,Garrand,mgarrandaz,Female
397,Morie,Hyman,mhymanb0,Male
398,Georgianna,Rapo,grapob1,Female
399,Freddy,Bosley,fbosleyb2,Male
400,Lila,Cossons,lcossonsb3,Female
401,Faber,Clapison,fclapisonb4,Male
402,Clea,Kirwood,ckirwoodb5,Female
403,Lucas,Darte,ldarteb6,Male
404,Khalil,Jeynes,kjeynesb7,Male
405,Adelice,Werrilow,awerrilowb8,Female
406,Shani,Capun,scapunb9,Female
407,Charles,Fellowes,cfellowesba,Male
408,Jerrylee,Ferrierio,jferrieriobb,Female
409,Anderson,Waiton,awaitonbc,Male
410,Ginelle,O'Hartnett,gohartnettbd,Female
411,Klaus,Paddemore,kpaddemorebe,Male
412,Aldric,Massard,amassardbf,Male
413,Rudolf,Prigg,rpriggbg,Male
414,Crysta,Phippin,cphippinbh,Female
415,Malva,Dixsee,mdixseebi,Female
416,Egbert,Penson,epensonbj,Male
417,Trevar,Milmoe,tmilmoebk,Male
418,Lucine,Attride,lattridebl,Female
419,Selby,O'Feeney,sofeeneybm,Male
420,Julissa,Bridson,jbridsonbn,Female
421,Demetri,Sycamore,dsycamorebo,Male
422,Jobyna,Reddan,jreddanbp,Female
423,Wayne,Boggish,wboggishbq,Male
424,Missie,Dobrowlski,mdobrowlskibr,Female
425,Zollie,Gherardesci,zgherardescibs,Male
426,Cecil,Nesbeth,cnesbethbt,Male
427,Reuben,Coultass,rcoultassbu,Male
428,Austin,Thorogood,athorogoodbv,Male
429,Zsazsa,Cowherd,zcowherdbw,Female
430,Gwendolen,Golbourn,ggolbournbx,Female
431,Mendie,Gorbell,mgorbellby,Male
432,Rossie,Flewin,rflewinbz,Male
433,Lanita,Gonin,lgoninc0,Female
434,Antoinette,Neath,aneathc1,Female
435,Lyndy,Gomes,lgomesc2,Female
436,Godfrey,Simion,gsimionc3,Male
437,Gearard,MacGillicuddy,gmacgillicuddyc4,Male
438,Willabella,Leader,wleaderc5,Female
439,Leticia,Simenot,lsimenotc6,Female
440,Danice,Goodbar,dgoodbarc7,Female
441,Jessamyn,Lesmonde,jlesmondec8,Female
442,Shel,Grice,sgricec9,Female
443,Ilsa,Gratland,igratlandca,Female
444,Nero,Martinolli,nmartinollicb,Male
445,Jens,Brailsford,jbrailsfordcc,Male
446,Conan,Lailey,claileycd,Male
447,Winnifred,Mallabone,wmallabonece,Female
448,Stephie,Albers,salberscf,Female
449,Jody,Curtayne,jcurtaynecg,Male
450,Ardath,Oakton,aoaktonch,Female
451,Adelice,Benjafield,abenjafieldci,Female
452,Gherardo,Boler,gbolercj,Male
453,Angele,Dawe,adaweck,Female
454,Sheena,Norbury,snorburycl,Female
455,Brett,Slimme,bslimmecm,Female
456,Prissie,Bignold,pbignoldcn,Female
457,Thor,Brandes,tbrandesco,Male
458,Barton,Chew,bchewcp,Male
459,Sibbie,Vreede,svreedecq,Female
460,Lutero,Angear,langearcr,Male
461,Wanids,Osgood,wosgoodcs,Female
462,Derby,Thorius,dthoriusct,Male
463,Bernie,Palfreyman,bpalfreymancu,Female
464,Donalt,Murty,dmurtycv,Male
465,Leshia,Sier,lsiercw,Female
466,Charin,Rickersy,crickersycx,Female
467,Georas,Daen,gdaency,Male
468,Carver,Faloon,cfalooncz,Male
469,Haleigh,Wonfar,hwonfard0,Male
470,Latrina,Mazzey,lmazzeyd1,Female
471,Milli,Brookshaw,mbrookshawd2,Female
472,Elladine,Bertomier,ebertomierd3,Female
473,Abbott,La Croce,alacroced4,Male
474,Maxwell,Connerly,mconnerlyd5,Male
475,Harwell,Flamank,hflamankd6,Male
476,Hastings,Cudmore,hcudmored7,Male
477,Lucretia,Heninghem,lheninghemd8,Female
478,Rozele,Overbury,roverburyd9,Female
479,Philis,De Brett,pdebrettda,Female
480,Ronalda,Juggings,rjuggingsdb,Female
481,Lora,Ceaser,lceaserdc,Female
482,Burr,Simonaitis,bsimonaitisdd,Male
483,Gerardo,Bartoletti,gbartolettide,Male
484,Nicolai,Sygrove,nsygrovedf,Male
485,Jacynth,Di Carli,jdicarlidg,Female
486,Daren,Aristide,daristidedh,Male
487,Fernando,Fossick,ffossickdi,Male
488,Benn,Eathorne,beathornedj,Male
489,Deane,Khilkov,dkhilkovdk,Male
490,Darnall,Cadwell,dcadwelldl,Male
491,Frasco,Margiotta,fmargiottadm,Male
492,Tyler,Jarmaine,tjarmainedn,Male
493,Andie,Foottit,afoottitdo,Female
494,Harley,Dalliwatr,hdalliwatrdp,Male
495,Tannie,Fontenot,tfontenotdq,Male
496,Rivi,Packe,rpackedr,Female
497,Ileana,Stackbridge,istackbridgeds,Female
498,Wilhelmina,Studde,wstuddedt,Female
499,Wade,Shepherdson,wshepherdsondu,Male
500,Gay,Rosnau,grosnaudv,Female
501,Erinna,Dulson,edulsondw,Female
502,Zacharia,Gogin,zgogindx,Male
503,Carny,Middlewick,cmiddlewickdy,Male
504,Ruggiero,Creddon,rcreddondz,Male
505,Kareem,McGeady,kmcgeadye0,Male
506,Fawn,Crippell,fcrippelle1,Female
507,Pierson,Saben,psabene2,Male
508,Hobard,Leupoldt,hleupoldte3,Male
509,Beckie,Poston,bpostone4,Female
510,Erskine,Fooks,efookse5,Male
511,Elfie,Humblestone,ehumblestonee6,Female
512,Isidoro,Douris,idourise7,Male
513,Arny,Evennett,aevennette8,Male
514,Stanly,Peers,speerse9,Male
515,Jenelle,Trimble,jtrimbleea,Female
516,Chery,Hoston,chostoneb,Female
517,Delia,Burgis,dburgisec,Female
518,Morton,Rops,mropsed,Male
519,Shadow,Keay,skeayee,Male
520,Rafferty,Order,rorderef,Male
521,Uri,Gardener,ugardenereg,Male
522,Barry,Mallard,bmallardeh,Male
523,Huntington,Jursch,hjurschei,Male
524,Hasty,Giannazzi,hgiannazziej,Male
525,Hedwig,Holde,hholdeek,Female
526,Jerry,Ibeson,jibesonel,Male
527,Twyla,Fowley,tfowleyem,Female
528,Josephina,Jeff,jjeffen,Female
529,Ernestine,McGunley,emcgunleyeo,Female
530,Quent,Peniman,qpenimanep,Male
531,Hilliary,Adess,hadesseq,Female
532,Raynard,Crusham,rcrushamer,Male
533,Augustine,Eckh,aeckhes,Male
534,Pincus,Meekins,pmeekinset,Male
535,Blisse,MacGille,bmacgilleeu,Female
536,Ellary,Hinsche,ehinscheev,Male
537,Cos,Baukham,cbaukhamew,Male
538,Shae,Maccaddie,smaccaddieex,Male
539,Corenda,Few,cfewey,Female
540,Arlyn,Wickey,awickeyez,Female
541,Lyndell,Seawell,lseawellf0,Female
542,Lyssa,Mayfield,lmayfieldf1,Female
543,Imelda,McElhinney,imcelhinneyf2,Female
544,Madelaine,Duplan,mduplanf3,Female
545,Claire,Wooland,cwoolandf4,Female
546,Wynn,Bayliss,wbaylissf5,Male
547,Ewan,Burnsyde,eburnsydef6,Male
548,Howard,Matej,hmatejf7,Male
549,Feliks,Poone,fpoonef8,Male
550,Willi,Ivons,wivonsf9,Female
551,Erika,Garza,egarzafa,Female
552,Kimberly,Byatt,kbyattfb,Female
553,Kaela,Sehorsch,ksehorschfc,Female
554,Karon,Guys,kguysfd,Female
555,Rafi,Redpath,rredpathfe,Male
556,Waverley,Beeby,wbeebyff,Male
557,Sheree,Weall,sweallfg,Female
558,Breanne,Obell,bobellfh,Female
559,Welsh,Jorden,wjordenfi,Male
560,Trip,Ullett,tullettfj,Male
561,Grissel,Drane,gdranefk,Female
562,Reinhard,Malloch,rmallochfl,Male
563,Dyann,Swiffen,dswiffenfm,Female
564,Brenda,Allington,ballingtonfn,Female
565,Van,Nelthropp,vnelthroppfo,Male
566,Chet,McTrustram,cmctrustramfp,Male
567,Reiko,Gynn,rgynnfq,Female
568,Addia,Vossing,avossingfr,Female
569,Benedikta,Ivey,biveyfs,Female
570,Rikki,Nutley,rnutleyft,Female
571,Jaine,Walsham,jwalshamfu,Female
572,Stella,Brain,sbrainfv,Female
573,Beryle,Lockner,blocknerfw,Female
574,Marcy,Burgan,mburganfx,Female
575,Rinaldo,Ferrotti,rferrottify,Male
576,Amelina,Dyble,adyblefz,Female
577,Randy,Tidswell,rtidswellg0,Male
578,Kean,Balazs,kbalazsg1,Male
579,Alic,McKirdy,amckirdyg2,Male
580,Victoir,Churchman,vchurchmang3,Male
581,Drew,Chason,dchasong4,Male
582,Hamnet,Seale,hsealeg5,Male
583,Andie,Rhydderch,arhydderchg6,Female
584,Tanya,Ludovico,tludovicog7,Female
585,Ethelda,Abrahamsson,eabrahamssong8,Female
586,Tremayne,Allworthy,tallworthyg9,Male
587,Neile,Nelthropp,nnelthroppga,Female
588,Syd,Budget,sbudgetgb,Male
589,Gabie,Godmar,ggodmargc,Male
590,Humbert,Bergstrand,hbergstrandgd,Male
591,Fernando,McCafferky,fmccafferkyge,Male
592,Tracey,Spurriar,tspurriargf,Female
593,Vitia,Kynnd,vkynndgg,Female
594,Georgy,Blinerman,gblinermangh,Male
595,Seymour,Deverick,sdeverickgi,Male
596,Baxie,Waller,bwallergj,Male
597,Veriee,Briztman,vbriztmangk,Female
598,Guntar,Senchenko,gsenchenkogl,Male
599,Justine,Chark,jcharkgm,Female
600,Dylan,Gambrell,dgambrellgn,Male
601,Tuckie,McVity,tmcvitygo,Male
602,Gian,Petrelluzzi,gpetrelluzzigp,Male
603,Sigrid,Slayny,sslaynygq,Female
604,Thibaud,Kennady,tkennadygr,Male
605,Terrell,Denisard,tdenisardgs,Male
606,Vasily,Michael,vmichaelgt,Male
607,Heda,MacPaden,hmacpadengu,Female
608,Hyacintha,Troyes,htroyesgv,Female
609,Hillard,Fosdyke,hfosdykegw,Male
610,Pebrook,Rosberg,prosberggx,Male
611,Ad,Tayler,ataylergy,Male
612,Carl,Pelham,cpelhamgz,Male
613,Ardra,Douce,adouceh0,Female
614,Marijn,O'Caine,mocaineh1,Male
615,Basilio,Kubas,bkubash2,Male
616,Neall,Ivashchenko,nivashchenkoh3,Male
617,Antonin,Spencelayh,aspencelayhh4,Male
618,Rancell,Pitney,rpitneyh5,Male
619,Horacio,Priel,hprielh6,Male
620,Wallie,Klausen,wklausenh7,Male
621,Gene,Burchill,gburchillh8,Female
622,Beverie,Idill,bidillh9,Female
623,Patrice,Philpot,pphilpotha,Female
624,Francyne,Patters,fpattershb,Female
625,Royall,Basnall,rbasnallhc,Male
626,Carol,Lanfare,clanfarehd,Female
627,Celestyna,Naylor,cnaylorhe,Female
628,Paige,Bernadzki,pbernadzkihf,Male
629,Fabian,Kedward,fkedwardhg,Male
630,Ronald,Powney,rpowneyhh,Male
631,Martina,Valsler,mvalslerhi,Female
632,Muhammad,Thurbon,mthurbonhj,Male
633,Rudolf,Longworthy,rlongworthyhk,Male
634,Eduard,Simanenko,esimanenkohl,Male
635,Melinda,Tidman,mtidmanhm,Female
636,Noble,Persicke,npersickehn,Male
637,Colene,Uvedale,cuvedaleho,Female
638,Van,Barhem,vbarhemhp,Female
639,Fransisco,Germann,fgermannhq,Male
640,Teresina,Ostick,tostickhr,Female
641,Ruy,Winchcum,rwinchcumhs,Male
642,Derrick,Rolfo,drolfoht,Male
643,Starla,Orts,sortshu,Female
644,Dominique,Dono,ddonohv,Female
645,Lisette,Richards,lrichardshw,Female
646,Ainslee,Chaston,achastonhx,Female
647,Lowe,Cawston,lcawstonhy,Male
648,Cam,Warters,cwartershz,Female
649,Terrance,Condy,tcondyi0,Male
650,Leonard,Feares,lfearesi1,Male
651,Yetta,Dumphry,ydumphryi2,Female
652,Homer,Tabour,htabouri3,Male
653,Griffin,Harbach,gharbachi4,Male
654,Costa,Audas,caudasi5,Male
655,Nani,Biasini,nbiasinii6,Female
656,Reyna,Tuckett,rtucketti7,Female
657,Stanfield,D'Angeli,sdangelii8,Male
658,Benn,Marriage,bmarriagei9,Male
659,Correna,Streatfeild,cstreatfeildia,Female
660,Brina,O'Crigane,bocriganeib,Female
661,Caritta,Mackleden,cmackledenic,Female
662,Jasen,Bavage,jbavageid,Male
663,Christos,Scamwell,cscamwellie,Male
664,Eba,Hardes,ehardesif,Female
665,Trever,Soughton,tsoughtonig,Male
666,Kial,Readhead,kreadheadih,Female
667,Mahmoud,Boas,mboasii,Male
668,Tory,Skillanders,tskillandersij,Female
669,Amalee,Childes,achildesik,Female
670,Regan,Kirkwood,rkirkwoodil,Male
671,Laurent,Laugherane,llaugheraneim,Male
672,Agneta,Erbain,aerbainin,Female
673,Pippo,Tolworthie,ptolworthieio,Male
674,Dorothea,Sinkinson,dsinkinsonip,Female
675,Antony,Rexworthy,arexworthyiq,Male
676,Cecile,Stiegars,cstiegarsir,Female
677,Jack,Gaveltone,jgaveltoneis,Male
678,Russell,Sievewright,rsievewrightit,Male
679,Esra,Maulkin,emaulkiniu,Male
680,Grethel,Doig,gdoigiv,Female
681,Livvyy,Warbey,lwarbeyiw,Female
682,Lauren,Ghiotto,lghiottoix,Male
683,Konrad,Brahmer,kbrahmeriy,Male
684,Rod,Merrikin,rmerrikiniz,Male
685,Kathryne,Gluyus,kgluyusj0,Female
686,Livy,Guilliatt,lguilliattj1,Female
687,Roxie,MacSween,rmacsweenj2,Female
688,Alyda,Pollicote,apollicotej3,Female
689,Ediva,Gilcriest,egilcriestj4,Female
690,Fanchette,Garrod,fgarrodj5,Female
691,Ignacius,Downse,idownsej6,Male
692,Lorine,MacDowall,lmacdowallj7,Female
693,Marilyn,Falks,mfalksj8,Female
694,Emmerich,Jan,ejanj9,Male
695,Shannan,Banishevitz,sbanishevitzja,Male
696,Clarisse,Groll,cgrolljb,Female
697,Kelila,Ellsworthe,kellsworthejc,Female
698,Ethelred,Tarbard,etarbardjd,Male
699,Erinna,Cahillane,ecahillaneje,Female
700,Indira,Rosenblatt,irosenblattjf,Female
701,Goldi,Skett,gskettjg,Female
702,Avivah,Needs,aneedsjh,Female
703,Ole,Beekman,obeekmanji,Male
704,Cherlyn,Macilhench,cmacilhenchjj,Female
705,Fawne,Gorner,fgornerjk,Female
706,Isak,Braga,ibragajl,Male
707,Denis,Rein,dreinjm,Male
708,Ilyse,Hardes,ihardesjn,Female
709,Levy,Gurg,lgurgjo,Male
710,Lia,Bratton,lbrattonjp,Female
711,Shel,Bilbrook,sbilbrookjq,Female
712,Darryl,Hamblett,dhamblettjr,Male
713,Sigfrid,Chappelle,schappellejs,Male
714,Charin,Datte,cdattejt,Female
715,Yuma,Castelot,ycastelotju,Male
716,Uriah,Greatbach,ugreatbachjv,Male
717,Gracia,Teideman,gteidemanjw,Female
718,Rosina,Rusbridge,rrusbridgejx,Female
719,Rowland,Chimienti,rchimientijy,Male
720,Archaimbaud,Dowson,adowsonjz,Male
721,Dallis,Hanham,dhanhamk0,Male
722,Valry,Senett,vsenettk1,Female
723,Tami,Ramberg,trambergk2,Female
724,Ofella,Haton,ohatonk3,Female
725,Berke,Maty,bmatyk4,Male
726,Aeriela,Cantillon,acantillonk5,Female
727,Lorenzo,Hinkley,lhinkleyk6,Male
728,Miriam,Riccard,mriccardk7,Female
729,Laraine,Aloway,lalowayk8,Female
730,Tarah,Munroe,tmunroek9,Female
731,Bengt,Fidelli,bfidellika,Male
732,Maddy,Wolfendale,mwolfendalekb,Male
733,Norri,Couling,ncoulingkc,Female
734,Adiana,Ilyushkin,ailyushkinkd,Female
735,Nissie,Hunn,nhunnke,Female
736,Chancey,Templeman,ctemplemankf,Male
737,Brianna,Joye,bjoyekg,Female
738,Frederick,Polkinhorn,fpolkinhornkh,Male
739,Violet,Kettell,vkettellki,Female
740,Therese,Jacqueme,tjacquemekj,Female
741,Anderea,Dobbs,adobbskk,Female
742,Orland,Stonestreet,ostonestreetkl,Male
743,Maynord,Astlett,mastlettkm,Male
744,Wallache,Brosini,wbrosinikn,Male
745,Emily,Burdus,eburdusko,Female
746,Alica,Mosdill,amosdillkp,Female
747,Vinni,Rowcastle,vrowcastlekq,Female
748,Juan,Keyho,jkeyhokr,Male
749,Lindsey,Crank,lcrankks,Female
750,Carin,Marrington,cmarringtonkt,Female
751,Noble,Sollars,nsollarsku,Male
752,Gaby,Lapere,glaperekv,Female
753,Lev,Mardling,lmardlingkw,Male
754,Ric,Hodgon,rhodgonkx,Male
755,Laverna,Borel,lborelky,Female
756,Jackson,Belvin,jbelvinkz,Male
757,Reamonn,Ruvel,rruvell0,Male
758,Cherlyn,Gencke,cgenckel1,Female
759,Valene,Renzini,vrenzinil2,Female
760,Nickie,Hatherley,nhatherleyl3,Male
761,Phylis,Digges,pdiggesl4,Female
762,Meade,Shrimplin,mshrimplinl5,Male
763,Dwayne,Schechter,dschechterl6,Male
764,Brunhilda,Biffin,bbiffinl7,Female
765,Karoly,Carnelley,kcarnelleyl8,Male
766,Tierney,Dislee,tdisleel9,Female
767,Mayer,Jamrowicz,mjamrowiczla,Male
768,Brunhilda,Knowlton,bknowltonlb,Female
769,Tim,Lorente,tlorentelc,Male
770,Lacy,McErlaine,lmcerlaineld,Female
771,Judi,Bithany,jbithanyle,Female
772,Alis,Cawthorn,acawthornlf,Female
773,Remy,O'Hone,rohonelg,Female
774,Barty,Wendover,bwendoverlh,Male
775,Tanney,Baughn,tbaughnli,Male
776,Farrand,Dalziel,fdalziellj,Female
777,Doralin,Corselles,dcorselleslk,Female
778,Pacorro,Baunton,pbauntonll,Male
779,Myles,Brauns,mbraunslm,Male
780,Teodoro,Nairn,tnairnln,Male
781,Georgeanna,Toffler,gtofflerlo,Female
782,Humberto,Reubel,hreubellp,Male
783,Mercedes,Eastman,meastmanlq,Female
784,Derril,Elcocks,delcockslr,Male
785,Bethanne,Gaffey,bgaffeyls,Female
786,Daniel,De Cristoforo,ddecristoforolt,Male
787,Chere,Heymes,cheymeslu,Female
788,Karly,Byatt,kbyattlv,Female
789,Linnell,Fellona,lfellonalw,Female
790,Ariella,Creech,acreechlx,Female
791,Millisent,Brech,mbrechly,Female
792,Gardner,Eves,geveslz,Male
793,Eal,De Laci,edelacim0,Male
794,Emmeline,Negal,enegalm1,Female
795,Con,Zanetello,czanetellom2,Female
796,Guy,McCadden,gmccaddenm3,Male
797,Yank,Tsar,ytsarm4,Male
798,Othello,Hartwell,ohartwellm5,Male
799,Maynard,Varran,mvarranm6,Male
800,Eben,Aizic,eaizicm7,Male
801,Oona,Dockwray,odockwraym8,Female
802,Corliss,Lunge,clungem9,Female
803,Christine,Preskett,cpreskettma,Female
804,Lizzy,Kovacs,lkovacsmb,Female
805,Ragnar,Thornbarrow,rthornbarrowmc,Male
806,Harrietta,Rasmus,hrasmusmd,Female
807,Nada,Jerome,njeromeme,Female
808,Amandy,Colegate,acolegatemf,Female
809,Eimile,Wiltsher,ewiltshermg,Female
810,Nan,Aujouanet,naujouanetmh,Female
811,Walden,Vida,wvidami,Male
812,Bethina,Joddens,bjoddensmj,Female
813,Lyle,Badgers,lbadgersmk,Male
814,Tait,Ruston,trustonml,Male
815,Monte,Moulds,mmouldsmm,Male
816,Wynn,Lainton,wlaintonmn,Male
817,Jeanie,Symons,jsymonsmo,Female
818,Alleen,McDermid,amcdermidmp,Female
819,Marlow,Fiander,mfiandermq,Male
820,Lynsey,Andryunin,landryuninmr,Female
821,Ellwood,Soar,esoarms,Male
822,Danielle,Millson,dmillsonmt,Female
823,Penny,Keighley,pkeighleymu,Female
824,Liana,Ginty,lgintymv,Female
825,Rhiamon,Gilchriest,rgilchriestmw,Female
826,Veronica,Anker,vankermx,Female
827,Faustine,Powlett,fpowlettmy,Female
828,Leesa,Delgado,ldelgadomz,Female
829,Charmane,Mulroy,cmulroyn0,Female
830,Ambros,Suermeier,asuermeiern1,Male
831,Matilde,Coenraets,mcoenraetsn2,Female
832,Maridel,Pane,mpanen3,Female
833,Huey,Thomesson,hthomessonn4,Male
834,Nils,Crush,ncrushn5,Male
835,Aleta,Tongs,atongsn6,Female
836,Xenia,McLardie,xmclardien7,Female
837,Serge,Yankishin,syankishinn8,Male
838,Faulkner,Alaway,falawayn9,Male
839,Portie,Sowman,psowmanna,Male
840,Judi,Davenhall,jdavenhallnb,Female
841,Lilla,Chichgar,lchichgarnc,Female
842,Colin,Olech,colechnd,Male
843,Sayre,Ghio,sghione,Female
844,Ellsworth,Gook,egooknf,Male
845,Tymothy,Grimmolby,tgrimmolbyng,Male
846,Erin,Shipp,eshippnh,Male
847,Colly,Waldren,cwaldrenni,Female
848,Karlan,Leipnik,kleipniknj,Male
849,Carny,Wilstead,cwilsteadnk,Male
850,Gilbertine,Haensel,ghaenselnl,Female
851,Seamus,Siddens,ssiddensnm,Male
852,Florry,Harcus,fharcusnn,Female
853,Rosemarie,Mogridge,rmogridgeno,Female
854,Rodina,McSkin,rmcskinnp,Female
855,Bailey,Maceur,bmaceurnq,Male
856,Jerrylee,Mangin,jmanginnr,Female
857,Aileen,Kenyon,akenyonns,Female
858,Faunie,Foord,ffoordnt,Female
859,Adina,Sinton,asintonnu,Female
860,Pebrook,Palmar,ppalmarnv,Male
861,Arabella,Ramsay,aramsaynw,Female
862,Faye,Backson,fbacksonnx,Female
863,Tab,Yankishin,tyankishinny,Male
864,Nikolai,Ondrusek,nondruseknz,Male
865,Dulsea,Priestnall,dpriestnallo0,Female
866,Gabriel,Wassung,gwassungo1,Female
867,Jeno,Daft,jdafto2,Male
868,Pegeen,Sherry,psherryo3,Female
869,Nancey,Treeby,ntreebyo4,Female
870,Del,Kewley,dkewleyo5,Male
871,Rosie,Greir,rgreiro6,Female
872,Jamima,Empson,jempsono7,Female
873,Dorey,Kenford,dkenfordo8,Female
874,Devland,Ashbe,dashbeo9,Male
875,Ruddie,Gethins,rgethinsoa,Male
876,Amie,Woolf,awoolfob,Female
877,Gannie,Greenalf,ggreenalfoc,Male
878,Beryle,Biggans,bbiggansod,Female
879,Dean,Bardsley,dbardsleyoe,Male
880,Rubin,Moreland,rmorelandof,Male
881,Toddy,Escott,tescottog,Male
882,Armand,Dunstan,adunstanoh,Male
883,Beatrix,Foyle,bfoyleoi,Female
884,Osbert,O'Brogane,oobroganeoj,Male
885,Averell,Cleugher,acleugherok,Male
886,Alli,Rookledge,arookledgeol,Female
887,Dix,Cornau,dcornauom,Female
888,Dulcy,Sirkett,dsirketton,Female
889,Robb,Obal,robaloo,Male
890,Ashton,Pick,apickop,Male
891,Mychal,Fant,mfantoq,Male
892,Teodor,De Andisie,tdeandisieor,Male
893,Francois,Devo,fdevoos,Male
894,Andreas,Seldner,aseldnerot,Male
895,Kevin,Addicote,kaddicoteou,Male
896,Stella,Uttridge,suttridgeov,Female
897,Tori,Humbie,thumbieow,Female
898,Loralee,Scriviner,lscrivinerox,Female
899,Cob,Kirwood,ckirwoodoy,Male
900,Tamara,Hallybone,thallyboneoz,Female
901,Adams,Porkiss,aporkissp0,Male
902,Mayor,Farady,mfaradyp1,Male
903,Theodosia,Vernazza,tvernazzap2,Female
904,Dian,Nestoruk,dnestorukp3,Female
905,Vaughn,Yanyushkin,vyanyushkinp4,Male
906,Ninette,Corten,ncortenp5,Female
907,Sherman,McQuarter,smcquarterp6,Male
908,Ewell,Bulter,ebulterp7,Male
909,Stearne,MacCarlich,smaccarlichp8,Male
910,Beniamino,Warde,bwardep9,Male
911,Ransell,Farady,rfaradypa,Male
912,Merrel,Fishburn,mfishburnpb,Male
913,Abran,Petts,apettspc,Male
914,Robby,Le Merchant,rlemerchantpd,Male
915,Barbi,Bartoletti,bbartolettipe,Female
916,Innis,Glencrash,iglencrashpf,Male
917,Katti,Boatwright,kboatwrightpg,Female
918,Alley,Hertwell,ahertwellph,Male
919,Jacqueline,Waitland,jwaitlandpi,Female
920,Gail,Schieferstein,gschiefersteinpj,Female
921,Eziechiele,Tricker,etrickerpk,Male
922,Tana,Mantione,tmantionepl,Female
923,Valentine,Fagan,vfaganpm,Male
924,Moe,De Ruggiero,mderuggieropn,Male
925,Sutherland,Lesek,slesekpo,Male
926,Lil,Mehaffey,lmehaffeypp,Female
927,Herb,Trenchard,htrenchardpq,Male
928,Adams,Picott,apicottpr,Male
929,Nels,Oxtarby,noxtarbyps,Male
930,Normie,Derisly,nderislypt,Male
931,Camile,Gierek,cgierekpu,Female
932,Holly,Gerrens,hgerrenspv,Male
933,Yvette,Tavernor,ytavernorpw,Female
934,Claudette,Thornally,cthornallypx,Female
935,Vina,Rigeby,vrigebypy,Female
936,Cammi,Sayles,csaylespz,Female
937,Hayes,Gonnin,hgonninq0,Male
938,Lance,Cullum,lcullumq1,Male
939,Luce,Ballay,lballayq2,Male
940,Tessa,Malpas,tmalpasq3,Female
941,Florida,Breeton,fbreetonq4,Female
942,Rik,Christal,rchristalq5,Male
943,Corey,Hegges,cheggesq6,Female
944,Francois,Clint,fclintq7,Male
945,Mozelle,Kelleher,mkelleherq8,Female
946,Phedra,McColley,pmccolleyq9,Female
947,Ariel,O'Lagene,aolageneqa,Male
948,Selia,Delacourt,sdelacourtqb,Female
949,Alida,Alexsandrowicz,aalexsandrowiczqc,Female
950,Eddy,Stealey,estealeyqd,Female
951,Faythe,Giottoi,fgiottoiqe,Female
952,Joshua,Fulger,jfulgerqf,Male
953,Cris,Pendlebery,cpendleberyqg,Male
954,Lidia,Flieg,lfliegqh,Female
955,Gayler,Baumadier,gbaumadierqi,Male
956,Kenyon,Aspling,kasplingqj,Male
957,Winnie,Gurden,wgurdenqk,Female
958,Ogdan,Astall,oastallql,Male
959,Kirstyn,Bastick,kbastickqm,Female
960,Jimmy,Skett,jskettqn,Male
961,Addison,Lightbourn,alightbournqo,Male
962,Bryn,Basire,bbasireqp,Female
963,Giordano,Seaborn,gseabornqq,Male
964,Jeff,Ten Broek,jtenbroekqr,Male
965,Marilyn,Creavan,mcreavanqs,Female
966,Cathryn,Lenin,cleninqt,Female
967,Harley,McFetrich,hmcfetrichqu,Male
968,Ariadne,Buckingham,abuckinghamqv,Female
969,Beitris,Tellenbrook,btellenbrookqw,Female
970,Joyann,Grumble,jgrumbleqx,Female
971,Shanan,Wasson,swassonqy,Male
972,Jeralee,Addicott,jaddicottqz,Female
973,Lenore,Tebbut,ltebbutr0,Female
974,Kayle,Christensen,kchristensenr1,Female
975,Elston,Scrammage,escrammager2,Male
976,Nevile,Dymidowicz,ndymidowiczr3,Male
977,Giffie,McKeachie,gmckeachier4,Male
978,Bendite,Udall,budallr5,Female
979,Wynny,Stribbling,wstribblingr6,Female
980,Anetta,Turnock,aturnockr7,Female
981,Jennee,Roger,jrogerr8,Female
982,Hillier,Madgewick,hmadgewickr9,Male
983,Kristoffer,Berling,kberlingra,Male
984,North,Eallis,neallisrb,Male
985,Roley,Sibbert,rsibbertrc,Male
986,Emerson,Crebo,ecrebord,Male
987,Paul,Spurdle,pspurdlere,Male
988,Tripp,Duell,tduellrf,Male
989,Heda,Gowing,hgowingrg,Female
990,Dionne,Hutchence,dhutchencerh,Female
991,Martainn,Frankiss,mfrankissri,Male
992,Ricard,Paul,rpaulrj,Male
993,Rochelle,Atger,ratgerrk,Female
994,Heinrik,Jaime,hjaimerl,Male
995,Berny,Ledwidge,bledwidgerm,Female
996,Aggi,Signe,asignern,Female
997,Sandie,Perrat,sperratro,Female
998,Royal,Gossart,rgossartrp,Male
999,Edlin,Harp,eharprq,Male
1000,Cari,Pyson,cpysonrr,Female
